timestamp,experiment_id,service,scenario,replica_count,load_users,cpu_cores_value,mem_bytes_value,net_rx_bytes_value,net_tx_bytes_value,pod_restarts_value,replica_count_value,node_cpu_util_value,node_mem_util_value,network_activity_rate_value,processing_intensity_value,service_stability_value,resource_pressure_value,replica_change,replica_scaling_up,replica_scaling_down,load_change,load_increasing,load_decreasing,cpu_regime,cpu_regime_encoded,cpu_regime_change,time_idx,hour_pattern,day_pattern,growth_trend,replica_load_interaction,scaling_intensity,cpu_rolling_3_mean,cpu_rolling_3_std,mem_rolling_3_mean,cpu_lag_1,mem_lag_1,cpu_lag_2,mem_lag_2
t_0,frontend_browsing_replicas_1_users_5,frontend,browsing,1,5,0.0033806888888888,12222464.0,3.380688888888888,1222246.4,1.0,8.0,-91.70443645681668,26.659000848351653,0.0,0.0033806888888888,1.0,0.3675331791123881,0.0,0,0,0.0,0,0,medium,1,1,0,0.24019237886466838,1.0,1.0,0.05,0.0,0.0033806888888888,0.0,12222464.0,0.0033806888888888,12222464.0,0.0033806888888888,12222464.0
t_1,frontend_browsing_replicas_1_users_5,frontend,browsing,1,5,0.0033806888888888,12222464.0,3.380688888888888,1222246.4,1.0,8.0,-100.51818156116936,26.668615993536648,0.0,0.0033806888888888,1.0,0.3675331791123881,0.0,0,0,0.0,0,0,medium,1,0,1,0.23532521831231545,1.0066829954015348,1.001595744680851,0.05,0.0,0.0033806888888888,0.0,12222464.0,0.0033806888888888,12222464.0,0.0033806888888888,12222464.0
t_2,frontend_browsing_replicas_1_users_5,frontend,browsing,1,5,0.0032583512405469,12222464.0,3.258351240546998,1222246.4,1.0,8.0,-102.32301152146084,26.958056517823398,-0.0001223376483418,0.0032583512405469,1.0,0.3652698349274636,0.0,0,0,0.0,0,0,medium,1,0,2,0.23075366575552525,1.0133585267490244,1.0031914893617022,0.05,0.0,0.003339909672774833,7.06316742022217e-05,12222464.0,0.0033806888888888,12222464.0,0.0033806888888888,12222464.0
t_3,frontend_browsing_replicas_1_users_5,frontend,browsing,1,5,0.000842355378471,12222464.0,0.8423553784710828,1222246.4,1.0,8.0,2.30310660199207,26.711366408282245,-0.0024159958620759,0.000842355378471,1.0,0.3205719822276178,0.0,0,0,0.0,0,0,low,0,1,3,0.22648282703581119,1.0200191383248196,1.0047872340425532,0.05,0.0,0.0024937985026355666,0.0014314991859282614,12222464.0,0.0032583512405469,12222464.0,0.0033806888888888,12222464.0
t_4,frontend_browsing_replicas_1_users_5,frontend,browsing,1,5,0.0006323560581079,12222464.0,0.632356058107993,1222246.4,1.0,8.0,2.2965570625402734,26.79797667760245,-0.000209999320363,0.0006323560581079,1.0,0.3166868271095987,0.0,0,0,0.0,0,0,low,0,0,4,0.22251747213565998,1.0266573910747558,1.0063829787234042,0.05,0.0,0.0015776875590419335,0.0014592798691086002,12222464.0,0.000842355378471,12222464.0,0.0032583512405469,12222464.0
t_5,frontend_browsing_replicas_1_users_5,frontend,browsing,1,5,0.0004547881344474,12222464.0,0.4547881344474188,1222246.4,1.0,8.0,2.313342293939982,26.8177986692146,-0.0001775679236605,0.0004547881344474,1.0,0.3134016787281035,0.0,0,0,0.0,0,0,low,0,0,5,0.218862029851069,1.033265870916626,1.0079787234042554,0.05,0.0,0.0006431665236754333,0.00019400964353442416,12222464.0,0.0006323560581079,12222464.0,0.000842355378471,12222464.0
t_6,frontend_browsing_replicas_1_users_5,frontend,browsing,1,5,0.0001471334579987,12222464.0,0.147133457998778,1222246.4,1.0,1.0,2.45967000317232,26.652714022653782,-0.0003076546764486,0.0001471334579987,1.0,0.307709821541517,0.0,0,0,0.0,0,0,low,0,0,6,0.21552058284514547,1.0398371970207672,1.0095744680851064,0.05,0.0,0.00041142588351800007,0.0002455004206074475,12222464.0,0.0004547881344474,12222464.0,0.0006323560581079,12222464.0
t_7,frontend_browsing_replicas_1_users_5,frontend,browsing,1,5,0.0009687150596136,12296192.0,0.9687150596136764,1229619.2,1.0,1.0,2.36134617687398,26.61080185133457,0.0008215816016148,0.0009687150596136,1.0,0.3247494755794035,0.0,0,0,0.0,0,0,low,0,0,7,0.21249686308829258,1.0463640300535055,1.0111702127659574,0.05,0.0,0.0005235455506865666,0.0004150840502162697,12247040.0,0.0001471334579987,12222464.0,0.0004547881344474,12222464.0
t_8,frontend_browsing_replicas_1_users_5,frontend,browsing,1,5,0.0011714981413188,12296192.0,1.171498141318827,1229619.2,1.0,1.0,2.3432050479573405,26.63200447917841,0.0002027830817051,0.0011714981413188,1.0,0.3285011245198488,0.0,0,0,0.0,0,0,low,0,0,8,0.20979424769007382,1.052839080374257,1.0127659574468084,0.05,0.0,0.0007624488863103666,0.0005424389843984701,12271616.0,0.0009687150596136,12296192.0,0.0001471334579987,12222464.0
t_9,frontend_browsing_replicas_1_users_5,frontend,browsing,1,5,0.0013742812230239,12296192.0,1.374281223023978,1229619.2,1.0,1.0,2.404656504102704,27.63175769045199,0.0002027830817051,0.0013742812230239,1.0,0.3322527734602943,0.0,0,0,0.0,0,0,low,0,0,9,0.20741575512741234,1.0592551161771269,1.0143617021276596,0.05,0.0,0.0011714981413187666,0.00020278308170515338,12296192.0,0.0011714981413188,12296192.0,0.0009687150596136,12296192.0
t_10,frontend_browsing_replicas_1_users_5,frontend,browsing,1,5,0.0015770643047291,12517376.0,1.5770643047291288,1251737.6,1.0,1.0,2.501679124287264,26.466747253088613,0.0002027830817051,0.0015770643047291,1.0,0.3415236374457111,0.0,0,0,0.0,0,0,medium,1,1,10,0.20536404187333662,1.065604971567914,1.0159574468085106,0.05,0.0,0.0013742812230239333,0.00020278308170515282,12369920.0,0.0013742812230239,12296192.0,0.0011714981413188,12296192.0
t_11,frontend_browsing_replicas_1_users_5,frontend,browsing,1,5,0.0014657634306172,12517376.0,1.4657634306172287,1251737.6,1.0,1.0,2.48888452745976,26.503703926504784,-0.0001113008741119,0.0014657634306172,1.0,0.3394644823972653,0.0,0,0,0.0,0,0,low,0,1,11,0.20364139943003917,1.0718815545675024,1.0175531914893616,0.05,0.0,0.0014723696527900669,0.00010155282460381604,12443648.0,0.0015770643047291,12517376.0,0.0013742812230239,12296192.0
t_12,frontend_browsing_replicas_1_users_5,frontend,browsing,1,5,0.001262980348912,12517376.0,1.2629803489120774,1251737.6,1.0,1.0,2.371763770526016,26.501534355283567,-0.0002027830817051,0.001262980348912,1.0,0.3357128334568199,0.0,0,0,0.0,0,0,low,0,0,12,0.20224975176956023,1.078077855032699,1.0191489361702128,0.05,0.0,0.001435269361419433,0.00015924697490881642,12517376.0,0.0014657634306172,12517376.0,0.0015770643047291,12517376.0
t_13,frontend_browsing_replicas_1_users_5,frontend,browsing,1,5,0.0010601972672069,12517376.0,1.0601972672069266,1251737.6,1.0,1.0,2.4029237686763736,27.749900705135303,-0.0002027830817051,0.0010601972672069,1.0,0.3319611845163744,0.0,0,0,0.0,0,0,low,0,0,13,0.20119065318495638,1.084186952485667,1.0207446808510638,0.05,0.0,0.0012629803489120333,0.00020278308170515317,12517376.0,0.001262980348912,12517376.0,0.0014657634306172,12517376.0
t_14,frontend_browsing_replicas_1_users_5,frontend,browsing,1,5,0.0001933496105104,12517376.0,0.1933496105104057,1251737.6,1.0,1.0,2.389062588753632,26.68222512210619,-0.0008668476566965,0.0001933496105104,1.0,0.3159238106613814,0.0,0,0,0.0,0,0,low,0,0,14,0.20046528655435353,1.0902020238432204,1.0223404255319148,0.05,0.0,0.0008388424088764333,0.0005681337510773898,12517376.0,0.0010601972672069,12517376.0,0.001262980348912,12517376.0
t_15,frontend_browsing_replicas_1_users_5,frontend,browsing,1,5,0.0001895917763762,12517376.0,0.1895917763762659,1251737.6,1.0,1.0,2.2326394161268865,26.63466713476809,-3.757834134139783e-06,0.0001895917763762,1.0,0.3158542877291468,0.0,0,0,0.0,0,0,low,0,0,15,0.20007446201982232,1.0961163510373368,1.023936170212766,0.05,0.0,0.00048104621803116664,0.0005015630405545866,12517376.0,0.0001933496105104,12517376.0,0.0010601972672069,12517376.0
t_16,frontend_browsing_replicas_1_users_5,frontend,browsing,1,5,0.0001019481281679,12517376.0,0.1019481281679941,1251737.6,1.0,1.0,2.2198786963000288,26.66343860766781,-8.764364820827184e-05,0.0001019481281679,1.0,0.3142328102509841,0.0,0,0,0.0,0,0,low,0,0,16,0.2000186160825531,1.1019233285183834,1.025531914893617,0.05,0.0,0.0001616298383515,5.1720017664124096e-05,12517376.0,0.0001895917763762,12517376.0,0.0001933496105104,12517376.0
t_17,frontend_browsing_replicas_1_users_5,frontend,browsing,1,5,0.0001190444351918,12517376.0,0.1190444351918898,1251737.6,1.0,1.0,2.353114730622892,27.799850151660426,1.7096307023895714e-05,0.0001190444351918,1.0,0.3145491055828845,0.0,0,0,0.0,0,0,low,0,0,17,0.20029781111533984,1.1076164706326745,1.027127659574468,0.05,0.0,0.00013686144657863334,4.6458978560520065e-05,12517376.0,0.0001019481281679,12517376.0,0.0001895917763762,12517376.0
t_18,frontend_browsing_replicas_1_users_5,frontend,browsing,1,5,0.0001709630702389,12517376.0,0.1709630702389571,1251737.6,1.0,1.0,2.230539624673355,26.77832726551928,5.1918635047067314e-05,0.0001709630702389,1.0,0.3155096417899776,0.0,0,0,0.0,0,0,low,0,0,18,0.20091173529291706,1.113189418866119,1.028723404255319,0.05,0.0,0.0001306518778662,3.594182941015083e-05,12517376.0,0.0001190444351918,12517376.0,0.0001019481281679,12517376.0
t_19,frontend_browsing_replicas_1_users_5,frontend,browsing,1,5,0.0001709630702389,12517376.0,0.1709630702389571,1251737.6,1.0,1.0,2.18010587419046,26.73123770833122,0.0,0.0001709630702389,1.0,0.3155096417899776,0.0,0,0,0.0,0,0,low,0,0,19,0.2018597029402296,1.118635948945871,1.0303191489361703,0.05,0.0,0.00015365685855653333,2.9975237920448913e-05,12517376.0,0.0001709630702389,12517376.0,0.0001190444351918,12517376.0
t_20,frontend_browsing_replicas_1_users_5,frontend,browsing,1,5,0.0001265497139753,8495104.0,0.12654971397538,849510.4,1.0,1.0,2.182185500118507,26.72241149813577,-4.441335626357711e-05,0.0001265497139753,1.0,0.2143200115639241,0.0,0,0,0.0,0,0,low,0,0,20,0.20314065529824382,1.123949977792049,1.0319148936170213,0.05,0.0,0.0001561586181510333,2.564206319446001e-05,11176618.666666666,0.0001709630702389,12517376.0,0.0001709630702389,12517376.0
t_21,frontend_browsing_replicas_1_users_5,frontend,browsing,1,5,0.0001893386631397,8495104.0,0.1893386631397337,849510.4,1.0,1.0,2.2429011682606728,26.092545525863382,6.27889491643537e-05,0.0001893386631397,1.0,0.215481657262487,0.0,0,0,0.0,0,0,low,0,0,21,0.20475316170644664,1.1291255703117604,1.0335106382978723,0.05,0.0,0.00016228381578463333,3.228173055625557e-05,9835861.333333334,0.0001265497139753,8495104.0,0.0001709630702389,12517376.0
t_22,frontend_browsing_replicas_1_users_5,frontend,browsing,1,5,0.0002020112485096,8495104.0,0.2020112485096661,849510.4,1.0,1.0,2.2649023463780797,26.713116857790283,1.2672585369932351e-05,0.0002020112485096,1.0,0.2157161102113032,0.0,0,0,0.0,0,0,low,0,0,22,0.206695421200711,1.1341569460278447,1.0351063829787235,0.05,0.0,0.00017263320854153335,4.040934246643009e-05,8495104.0,0.0001893386631397,8495104.0,0.0001265497139753,8495104.0
t_23,frontend_browsing_replicas_1_users_5,frontend,browsing,1,5,0.0002020112485096,8495104.0,0.2020112485096661,849510.4,1.0,1.0,2.268067831588681,26.75056661557491,0.0,0.0002020112485096,1.0,0.2157161102113032,0.0,0,0,0.0,0,0,low,0,0,23,0.20896526452474323,1.1390384855349285,1.0367021276595745,0.05,0.0,0.00019778705338630001,7.316520574831461e-06,8495104.0,0.0002020112485096,8495104.0,0.0001893386631397,8495104.0
t_24,frontend_browsing_replicas_1_users_5,frontend,browsing,1,5,0.0002020112485096,8527872.0,0.2020112485096661,852787.2000000001,1.0,1.0,2.2241484263776243,26.8214474935412,0.0,0.0002020112485096,1.0,0.2165337716994471,0.0,0,0,0.0,0,0,low,0,0,24,0.21156015655286575,1.1437647367755859,1.0382978723404255,0.05,0.0,0.0002020112485096,0.0,8506026.666666666,0.0002020112485096,8495104.0,0.0002020112485096,8495104.0
t_25,frontend_browsing_replicas_1_users_5,frontend,browsing,1,5,0.0002020112485096,8527872.0,0.2020112485096661,852787.2000000001,1.0,1.0,2.288355231558171,26.56859382939429,0.0,0.0002020112485096,1.0,0.2165337716994471,0.0,0,0,0.0,0,0,low,0,0,25,0.21447719912142937,1.1483304211295915,1.0398936170212767,0.05,0.0,0.0002020112485096,0.0,8516949.333333334,0.0002020112485096,8527872.0,0.0002020112485096,8495104.0
t_26,frontend_browsing_replicas_1_users_5,frontend,browsing,1,5,0.00078714,8527872.0,0.7871400000000003,852787.2000000001,1.0,1.0,2.16527777777776,26.562997321812247,0.0005851287514903,0.00078714,1.0,0.2273591208463977,0.0,0,0,0.0,0,0,low,0,0,26,0.21771313426569272,1.1527304393094664,1.0414893617021277,0.05,0.0,0.00039705416567306667,0.00033782424218357573,8527872.0,0.0002020112485096,8527872.0,0.0002020112485096,8527872.0
t_27,frontend_browsing_replicas_1_users_5,frontend,browsing,1,5,0.00078714,8527872.0,0.7871400000000003,852787.2000000001,1.0,1.0,2.2819517046996936,26.694872736157222,0.0,0.00078714,1.0,0.2273591208463977,0.0,0,0,0.0,0,0,low,0,0,27,0.22126434785855376,1.156959877055732,1.0430851063829787,0.05,0.0,0.0005920970828365333,0.0003378242421835753,8527872.0,0.00078714,8527872.0,0.0002020112485096,8527872.0
t_28,frontend_browsing_replicas_1_users_5,frontend,browsing,1,5,0.0006543540865059,8527872.0,0.6543540865059699,852787.2000000001,1.0,1.0,2.2162224222155515,26.575546318989595,-0.000132785913494,0.0006543540865059,1.0,0.2249024754128783,0.0,0,0,0.0,0,0,low,0,0,28,0.22512687364706852,1.1610140106255127,1.0446808510638297,0.05,0.0,0.0007428780288352999,7.666398290042192e-05,8527872.0,0.00078714,8527872.0,0.00078714,8527872.0
t_29,frontend_browsing_replicas_1_users_5,frontend,browsing,1,5,0.0074744385871362,8536064.0,7.474438587136271,853606.4,1.0,1.0,2.217331239490676,26.63163466590205,0.0068200845006303,0.0074744385871362,1.0,0.3512839001063383,0.0,0,0,0.0,0,0,high,2,1,29,0.2292963976822509,1.164888312068352,1.046276595744681,0.05,0.0,0.0029719775578807,0.0038998108306274276,8530602.666666666,0.0006543540865059,8527872.0,0.00078714,8527872.0
t_30,frontend_browsing_replicas_1_users_5,frontend,browsing,1,5,0.0051203612479634,8536064.0,5.120361247963412,853606.4,1.0,1.0,2.170652028979063,27.13078397209537,-0.0023540773391728,0.0051203612479634,1.0,0.3077315895241577,0.0,0,0,0.0,0,0,medium,1,1,30,0.23376826313720328,1.1685784542833595,1.047872340425532,0.05,0.0,0.004416384640535166,0.003464112504926628,8533333.333333334,0.0074744385871362,8536064.0,0.0006543540865059,8527872.0
t_31,frontend_browsing_replicas_1_users_5,frontend,browsing,1,5,0.005653524,8536064.0,5.653524000000003,853606.4,1.0,1.0,2.170652028979063,27.13078397209537,0.0005331627520365,0.005653524,1.0,0.3175955261846697,0.0,0,0,0.0,0,0,high,2,1,31,0.23853747550819854,1.1720803158520279,1.049468085106383,0.05,0.0,0.006082774611699867,0.0012343468294751098,8536064.0,0.0051203612479634,8536064.0,0.0074744385871362,8536064.0
t_32,frontend_browsing_replicas_1_users_5,frontend,browsing,1,5,0.005653524,8536064.0,5.653524000000003,853606.4,1.0,1.0,2.170652028979063,27.13078397209537,0.0,0.005653524,1.0,0.3175955261846697,0.0,0,0,0.0,0,0,high,2,0,32,0.24359870819290463,1.1753899856413343,1.0510638297872341,0.05,0.0,0.005475803082654467,0.00030782165841021286,8536064.0,0.005653524,8536064.0,0.0051203612479634,8536064.0
t_33,frontend_browsing_replicas_1_users_5,frontend,browsing,1,5,0.005653524,8536064.0,5.653524000000003,853606.4,1.0,1.0,2.170652028979063,27.13078397209537,0.0,0.005653524,1.0,0.3175955261846697,0.0,0,0,0.0,0,0,high,2,0,33,0.2489463084395201,1.1785037671719762,1.0526595744680851,0.05,0.0,0.005653524,0.0,8536064.0,0.005653524,8536064.0,0.005653524,8536064.0
t_34,frontend_browsing_replicas_1_users_5,frontend,browsing,1,5,0.005653524,8536064.0,5.653524000000003,853606.4,1.0,1.0,2.170652028979063,27.13078397209537,0.0,0.005653524,1.0,0.3175955261846697,0.0,0,0,0.0,0,0,high,2,0,34,0.25457430366017725,1.1814181827468682,1.054255319148936,0.05,0.0,0.005653524,0.0,8536064.0,0.005653524,8536064.0,0.005653524,8536064.0
t_35,frontend_browsing_replicas_1_users_5,frontend,browsing,1,5,0.005653524,8536064.0,5.653524000000003,853606.4,1.0,1.0,2.170652028979063,27.13078397209537,0.0,0.005653524,1.0,0.3175955261846697,0.0,0,0,0.0,0,0,high,2,0,35,0.2604764081015617,1.1841299773352858,1.0558510638297873,0.05,0.0,0.005653524,0.0,8536064.0,0.005653524,8536064.0,0.005653524,8536064.0
t_36,frontend_browsing_replicas_1_users_5,frontend,browsing,1,5,0.005653524,8536064.0,5.653524000000003,853606.4,1.0,1.0,2.170652028979063,27.13078397209537,0.0,0.005653524,1.0,0.3175955261846697,0.0,0,0,0.0,0,0,high,2,0,36,0.26664602986529784,1.1866361222083206,1.0574468085106383,0.05,0.0,0.005653524,0.0,8536064.0,0.005653524,8536064.0,0.005653524,8536064.0
t_37,frontend_browsing_replicas_1_users_5,frontend,browsing,1,5,0.005653524,8536064.0,5.653524000000003,853606.4,1.0,1.0,2.170652028979063,27.13078397209537,0.0,0.005653524,1.0,0.3175955261846697,0.0,0,0,0.0,0,0,high,2,0,37,0.27307627827025843,1.1889338183215838,1.0590425531914893,0.05,0.0,0.005653524,0.0,8536064.0,0.005653524,8536064.0,0.005653524,8536064.0
t_38,frontend_browsing_replicas_1_users_5,frontend,browsing,1,5,0.0056452240200513,8536064.0,5.645224020051353,853606.4,1.0,1.0,2.170652028979063,27.13078397209537,-8.299979948648943e-06,0.0056452240200513,1.0,0.3174419699278152,0.0,0,0,0.0,0,0,medium,1,1,38,0.279759971548578,1.1910204994413824,1.0606382978723403,0.05,0.0,0.0056507573400171,4.791995657697841e-06,8536064.0,0.005653524,8536064.0,0.005653524,8536064.0
t_39,frontend_browsing_replicas_1_users_5,frontend,browsing,1,5,0.000813382173838,12075008.0,0.813382173838091,1207500.8,1.0,1.0,2.170652028979063,27.13078397209537,-0.0048318418462132,0.000813382173838,1.0,0.3163564781092116,0.0,0,0,0.0,0,0,low,0,1,39,0.2866896448667718,1.1928938350108753,1.0622340425531915,0.05,0.0,0.004037376731296433,0.00279206427259617,9715712.0,0.0056452240200513,8536064.0,0.005653524,8536064.0
t_40,frontend_browsing_replicas_1_users_5,frontend,browsing,1,5,0.00098146,12075008.0,0.98146,1207500.8,1.0,1.0,2.170652028979063,27.13078397209537,0.0001680778261619,0.00098146,1.0,0.3194660521088294,0.0,0,0,0.0,0,0,low,0,0,40,0.2938575586630029,1.1945517327530075,1.0638297872340425,0.05,0.0,0.0024800220646297665,0.0027424332449241216,10895360.0,0.000813382173838,12075008.0,0.0056452240200513,8536064.0
t_41,frontend_browsing_replicas_1_users_5,frontend,browsing,1,5,0.00098146,12075008.0,0.98146,1207500.8,1.0,1.0,2.170652028979063,27.13078397209537,0.0,0.00098146,1.0,0.3194660521088294,0.0,0,0,0.0,0,0,low,0,0,41,0.3012557072911868,1.1959923410073174,1.0654255319148935,0.05,0.0,0.0009254340579459997,9.703977817933765e-05,12075008.0,0.00098146,12075008.0,0.000813382173838,12075008.0
t_42,frontend_browsing_replicas_1_users_5,frontend,browsing,1,5,0.0007617271973238,12918784.0,0.7617271973238755,1291878.4,1.0,1.0,2.170652028979063,27.13078397209537,-0.0002197328026761,0.0007617271973238,1.0,0.3364556031152219,0.0,0,0,0.0,0,0,low,0,0,42,0.30887582796227764,1.1972140507980058,1.0670212765957447,0.05,0.0,0.0009082157324412664,0.000126862792774818,12356266.666666666,0.00098146,12075008.0,0.00098146,12075008.0
t_43,frontend_browsing_replicas_1_users_5,frontend,browsing,1,5,0.0025253276437506,12763136.0,2.5253276437506207,1276313.6,1.0,1.0,2.170652028979063,27.13078397209537,0.0017636004464267,0.0025253276437506,1.0,0.3651997275978713,0.0,0,0,0.0,0,0,medium,1,1,43,0.31670940997275043,1.198215497630956,1.0686170212765957,0.05,0.0,0.0014228382803581328,0.0009610841396246805,12585642.666666666,0.0007617271973238,12918784.0,0.00098146,12075008.0
t_44,frontend_browsing_replicas_1_users_5,frontend,browsing,1,5,0.0029883124806728,12591104.0,2.9883124806728807,1259110.4,1.0,1.0,2.170652028979063,27.13078397209537,0.0004629848369222,0.0029883124806728,1.0,0.3694725939766601,0.0,0,0,0.0,0,0,medium,1,0,44,0.3247477042099717,1.198995563017701,1.0702127659574467,0.05,0.0,0.002091789107249066,0.0011748988266997678,12757674.666666666,0.0025253276437506,12763136.0,0.0007617271973238,12918784.0
t_45,frontend_browsing_replicas_1_users_5,frontend,browsing,1,5,0.0034512973175951,12591104.0,3.45129731759514,1259110.4,1.0,1.0,2.170652028979063,27.13078397209537,0.0004629848369222,0.0034512973175951,1.0,0.3780381831682045,0.0,0,0,0.0,0,0,medium,1,0,45,0.33298173292384353,1.1995533757246306,1.071808510638298,0.05,0.0,0.002988312480672833,0.00046298483692223914,12648448.0,0.0029883124806728,12591104.0,0.0025253276437506,12763136.0
t_46,frontend_browsing_replicas_1_users_5,frontend,browsing,1,5,0.0045884986436032,12591104.0,4.588498643603297,1259110.4,1.0,1.0,2.170652028979063,27.13078397209537,0.0011372013260081,0.0045884986436032,1.0,0.3990773157916795,0.0,0,0,0.0,0,0,medium,1,0,46,0.3414022997538061,1.199888312746051,1.073404255319149,0.05,0.0,0.0036760361472903662,0.0008234255249796858,12591104.0,0.0034512973175951,12591104.0,0.0029883124806728,12591104.0
t_47,frontend_browsing_replicas_1_users_5,frontend,browsing,1,5,0.0045884986436032,12591104.0,4.588498643603297,1259110.4,1.0,1.0,2.170652028979063,27.13078397209537,0.0,0.0045884986436032,1.0,0.3990773157916795,0.0,0,0,0.0,0,0,medium,1,0,47,0.35000000000000003,1.2,1.075,0.05,0.0,0.004209431534933833,0.0006565634916935731,12591104.0,0.0045884986436032,12591104.0,0.0034512973175951,12591104.0
t_48,frontend_browsing_replicas_1_users_5,frontend,browsing,1,5,0.0045884986436032,12591104.0,4.588498643603297,1259110.4,1.0,1.0,2.170652028979063,27.13078397209537,0.0,0.0045884986436032,1.0,0.3990773157916795,0.0,0,0,0.0,0,0,medium,1,0,48,0.35876523112711756,1.199888312746051,1.076595744680851,0.05,0.0,0.0045884986436032,0.0,12591104.0,0.0045884986436032,12591104.0,0.0045884986436032,12591104.0
t_49,frontend_browsing_replicas_1_users_5,frontend,browsing,1,5,0.0034703771178789,12591104.0,3.470377117878916,1259110.4,1.0,1.0,2.170652028979063,27.13078397209537,-0.0011181215257243,0.0034703771178789,1.0,0.3783911747092967,0.0,0,0,0.0,0,0,medium,1,0,49,0.3676882034892105,1.1995533757246306,1.0781914893617022,0.05,0.0,0.004215791468361767,0.000645547763863637,12591104.0,0.0045884986436032,12591104.0,0.0045884986436032,12591104.0
t_50,frontend_browsing_replicas_1_users_5,frontend,browsing,1,5,0.0029820279750667,12591104.0,2.982027975066784,1259110.4,1.0,1.0,2.170652028979063,27.13078397209537,-0.0004883491428121,0.0029820279750667,1.0,0.3693563256045648,0.0,0,0,0.0,0,0,medium,1,0,50,0.37675895126347714,1.198995563017701,1.0797872340425532,0.05,0.0,0.003680301245516267,0.0008235521275185043,12591104.0,0.0034703771178789,12591104.0,0.0045884986436032,12591104.0
t_51,frontend_browsing_replicas_1_users_5,frontend,browsing,1,5,0.0045343450087367,12591104.0,4.53434500873674,1259110.4,1.0,1.0,2.170652028979063,27.13078397209537,0.0015523170336699,0.0045343450087367,1.0,0.3980754303032057,0.0,0,0,0.0,0,0,medium,1,0,51,0.3859673435808156,1.198215497630956,1.0813829787234042,0.05,0.0,0.0036622500338940995,0.0007937464678224618,12591104.0,0.0029820279750667,12591104.0,0.0034703771178789,12591104.0
t_52,frontend_browsing_replicas_1_users_5,frontend,browsing,1,5,0.0044798594430777,12591104.0,4.479859443077717,1259110.4,1.0,1.0,2.170652028979063,27.13078397209537,-5.448556565902304e-05,0.0044798594430777,1.0,0.3970674038300137,0.0,0,0,0.0,0,0,medium,1,0,52,0.39530309584071377,1.1972140507980058,1.0829787234042554,0.05,0.0,0.0039987441422937,0.0008809233750683777,12591104.0,0.0045343450087367,12591104.0,0.0029820279750667,12591104.0
t_53,frontend_browsing_replicas_1_users_5,frontend,browsing,1,5,0.0044473728223748,12591104.0,4.447372822374845,1259110.4,1.0,1.0,2.170652028979063,27.13078397209537,-3.2486620702871886e-05,0.0044473728223748,1.0,0.3964663754053851,0.0,0,0,0.0,0,0,medium,1,0,53,0.4047557811978372,1.1959923410073174,1.0845744680851064,0.05,0.0,0.004487192424729732,4.394735219634989e-05,12591104.0,0.0044798594430777,12591104.0,0.0045343450087367,12591104.0
t_54,frontend_browsing_replicas_1_users_5,frontend,browsing,1,5,0.0044473728223748,13643776.0,4.447372822374845,1364377.6,1.0,1.0,2.170652028979063,27.13078397209537,0.0,0.0044473728223748,1.0,0.4227337507120081,0.0,0,0,0.0,0,0,medium,1,0,54,0.4143148422074861,1.1945517327530075,1.0861702127659574,0.05,0.0,0.004458201695942433,1.875615920777278e-05,12941994.666666666,0.0044473728223748,12591104.0,0.0044798594430777,12591104.0
t_55,frontend_browsing_replicas_1_users_5,frontend,browsing,1,5,0.0034618461233686,13643776.0,3.461846123368636,1364377.6,1.0,1.0,2.170652028979063,27.13078397209537,-0.0009855266990062,0.0034618461233686,1.0,0.4045007198052024,0.0,0,0,0.0,0,0,medium,1,0,55,0.42396960261691524,1.1928938350108753,1.0877659574468086,0.05,0.0,0.0041188639227060665,0.0005689941049647893,13292885.333333334,0.0044473728223748,13643776.0,0.0044473728223748,12591104.0
t_56,frontend_browsing_replicas_1_users_5,frontend,browsing,1,5,0.0002089199999999,13643776.0,0.2089199999999991,1364377.6,1.0,1.0,2.170652028979063,27.13078397209537,-0.0032529261233686,0.0002089199999999,1.0,0.3443189889553492,0.0,0,0,0.0,0,0,low,0,1,56,0.4337092792893482,1.1910204994413824,1.0893617021276596,0.05,0.0,0.002706046315247767,0.0022180048679705487,13643776.0,0.0034618461233686,13643776.0,0.0044473728223748,13643776.0
t_57,frontend_browsing_replicas_1_users_5,frontend,browsing,1,5,0.0002089199999999,13643776.0,0.2089199999999991,1364377.6,1.0,1.0,2.170652028979063,27.13078397209537,0.0,0.0002089199999999,1.0,0.3443189889553492,0.0,0,0,0.0,0,0,low,0,0,57,0.443522994247366,1.1889338183215838,1.0909574468085106,0.05,0.0,0.0012932287077894664,0.0018780777729808834,13643776.0,0.0002089199999999,13643776.0,0.0034618461233686,13643776.0
t_58,frontend_browsing_replicas_1_users_5,frontend,browsing,1,5,0.0002089199999999,13643776.0,0.2089199999999991,1364377.6,1.0,1.0,2.170652028979063,27.13078397209537,0.0,0.0002089199999999,1.0,0.3443189889553492,0.0,0,0,0.0,0,0,low,0,0,58,0.45339978682222143,1.1866361222083206,1.0925531914893618,0.05,0.0,0.0002089199999999,0.0,13643776.0,0.0002089199999999,13643776.0,0.0002089199999999,13643776.0
t_59,frontend_browsing_replicas_1_users_5,frontend,browsing,1,5,0.0002089199999999,13643776.0,0.2089199999999991,1364377.6,1.0,1.0,2.170652028979063,27.13078397209537,0.0,0.0002089199999999,1.0,0.3443189889553492,0.0,0,0,0.0,0,0,low,0,0,59,0.4633286258955096,1.1841299773352858,1.0941489361702128,0.05,0.0,0.0002089199999999,0.0,13643776.0,0.0002089199999999,13643776.0,0.0002089199999999,13643776.0
t_60,frontend_browsing_replicas_1_users_5,frontend,browsing,1,5,0.0002089199999999,13643776.0,0.2089199999999991,1364377.6,1.0,1.0,2.170652028979063,27.13078397209537,0.0,0.0002089199999999,1.0,0.3443189889553492,0.0,0,0,0.0,0,0,low,0,0,60,0.47329842221952056,1.1814181827468682,1.0957446808510638,0.05,0.0,0.0002089199999999,0.0,13643776.0,0.0002089199999999,13643776.0,0.0002089199999999,13643776.0
t_61,frontend_browsing_replicas_1_users_5,frontend,browsing,1,5,0.002617565,13643776.0,2.617565,1364377.6,1.0,1.0,2.170652028979063,27.13078397209537,0.002408645,0.002617565,1.0,0.3888808448368877,0.0,0,0,0.0,0,0,medium,1,1,61,0.4832980408025155,1.1785037671719762,1.0973404255319148,0.05,0.0,0.0010118016666665999,0.001390631839132302,13643776.0,0.0002089199999999,13643776.0,0.0002089199999999,13643776.0
t_62,frontend_browsing_replicas_1_users_5,frontend,browsing,1,5,0.0025650817269737,13643776.0,2.565081726973759,1364377.6,1.0,1.0,2.170652028979063,27.13078397209537,-5.248327302624081e-05,0.0025650817269737,1.0,0.3879098623762981,0.0,0,0,0.0,0,0,medium,1,0,62,0.49331631334509385,1.1753899856413343,1.098936170212766,0.05,0.0,0.0017971889089912,0.001375731521387147,13643776.0,0.002617565,13643776.0,0.0002089199999999,13643776.0
t_63,frontend_browsing_replicas_1_users_5,frontend,browsing,1,5,0.0019774523913692,13643776.0,1.9774523913692064,1364377.6,1.0,1.0,2.170652028979063,27.13078397209537,-0.0005876293356045,0.0019774523913692,1.0,0.3770382504264365,0.0,0,0,0.0,0,0,medium,1,0,63,0.5033420507137596,1.1720803158520279,1.100531914893617,0.05,0.0,0.0023866997061142998,0.00035538872654663676,13643776.0,0.0025650817269737,13643776.0,0.002617565,13643776.0
t_64,frontend_browsing_replicas_1_users_5,frontend,browsing,1,5,0.0031835725762158,12480512.0,3.183572576215853,1248051.2,1.0,1.0,2.170652028979063,27.13078397209537,0.0012061201848466,0.0031835725762158,1.0,0.3703254541432699,0.0,0,0,0.0,0,0,medium,1,0,64,0.5133640554377576,1.1685784542833595,1.102127659574468,0.05,0.0,0.002575368898186233,0.0006031258943970669,13256021.333333334,0.0019774523913692,13643776.0,0.0025650817269737,13643776.0
t_65,frontend_browsing_replicas_1_users_5,frontend,browsing,1,5,0.0038823195155792,12480512.0,3.882319515579242,1248051.2,1.0,1.0,2.170652028979063,27.13078397209537,0.0006987469393633,0.0038823195155792,1.0,0.3832528304936982,0.0,0,0,0.0,0,0,medium,1,0,65,0.5233711342152211,1.164888312068352,1.1037234042553192,0.05,0.0,0.003014448161054733,0.0009636295922587136,12868266.666666666,0.0031835725762158,12480512.0,0.0019774523913692,13643776.0
t_66,frontend_browsing_replicas_1_users_5,frontend,browsing,1,5,0.0044486260385511,12480512.0,4.448626038551165,1248051.2,1.0,1.0,2.170652028979063,27.13078397209537,0.0005663065229719,0.0044486260385511,1.0,0.3937299533828952,0.0,0,0,0.0,0,0,medium,1,0,66,0.5333521104146627,1.1610140106255127,1.1053191489361702,0.05,0.0,0.0038381727101153666,0.0006336811271973663,12480512.0,0.0038823195155792,12480512.0,0.0031835725762158,12480512.0
t_67,frontend_browsing_replicas_1_users_5,frontend,browsing,1,5,0.0051701984230249,12767232.0,5.1701984230249165,1276723.2000000002,1.0,1.0,2.170652028979063,27.13078397209537,0.0007215723844737,0.0051701984230249,1.0,0.4142341567159863,0.0,0,0,0.0,0,0,medium,1,0,67,0.543295836557848,1.156959877055732,1.1069148936170212,0.05,0.0,0.0045003813257184,0.0006454974650401088,12576085.333333334,0.0044486260385511,12480512.0,0.0038823195155792,12480512.0
t_68,frontend_browsing_replicas_1_users_5,frontend,browsing,1,5,0.00482032,12767232.0,4.820320000000002,1276723.2000000002,1.0,1.0,2.170652028979063,27.13078397209537,-0.0003498784230249,0.00482032,1.0,0.4077611265007009,0.0,0,0,0.0,0,0,medium,1,0,68,0.5531912067701077,1.1527304393094664,1.1085106382978724,0.05,0.0,0.004813048153858667,0.00036084115108801795,12671658.666666666,0.0051701984230249,12767232.0,0.0044486260385511,12480512.0
t_69,frontend_browsing_replicas_1_users_5,frontend,browsing,1,5,0.005422700652765,12767232.0,5.422700652765099,1276723.2000000002,1.0,1.0,2.170652028979063,27.13078397209537,0.000602380652765,0.005422700652765,1.0,0.4189056495974401,0.0,0,0,0.0,0,0,medium,1,0,69,0.5630271691841833,1.1483304211295915,1.1101063829787234,0.05,0.0,0.005137739691929966,0.00030249923904799084,12767232.0,0.00482032,12767232.0,0.0051701984230249,12767232.0
t_70,frontend_browsing_replicas_1_users_5,frontend,browsing,1,5,0.0047011282682913,13012992.0,4.701128268291346,1301299.2000000002,1.0,1.0,2.170652028979063,27.13078397209537,-0.0007215723844737,0.0047011282682913,1.0,0.4116884454466875,0.0,0,0,0.0,0,0,medium,1,0,70,0.5727927382837554,1.1437647367755859,1.1117021276595744,0.05,0.0,0.004981382973685434,0.0003868108551062883,12849152.0,0.005422700652765,12767232.0,0.00482032,12767232.0
t_71,frontend_browsing_replicas_1_users_5,frontend,browsing,1,5,0.0070886277503612,13012992.0,7.0886277503612645,1301299.2000000002,1.0,1.0,2.170652028979063,27.13078397209537,0.0023874994820699,0.0070886277503612,1.0,0.4558590923611341,0.0,0,0,0.0,0,0,high,2,1,71,0.5824770071728641,1.1390384855349285,1.1132978723404254,0.05,0.0,0.005737485557139166,0.0012244817663964603,12931072.0,0.0047011282682913,13012992.0,0.005422700652765,12767232.0
t_72,frontend_browsing_replicas_1_users_5,frontend,browsing,1,5,0.0070886277503612,13012992.0,7.0886277503612645,1301299.2000000002,1.0,1.0,2.170652028979063,27.13078397209537,0.0,0.0070886277503612,1.0,0.4558590923611341,0.0,0,0,0.0,0,0,high,2,0,72,0.5920691597575221,1.1341569460278447,1.1148936170212767,0.05,0.0,0.006292794589671233,0.0013784234686631466,13012992.0,0.0070886277503612,13012992.0,0.0047011282682913,13012992.0
t_73,frontend_browsing_replicas_1_users_5,frontend,browsing,1,5,0.0070886277503612,13049856.0,7.0886277503612645,1304985.6,1.0,1.0,2.170652028979063,27.13078397209537,0.0,0.0070886277503612,1.0,0.456778961535296,0.0,0,0,0.0,0,0,high,2,0,73,0.6015584828259126,1.1291255703117604,1.1164893617021276,0.05,0.0,0.0070886277503612,0.0,13025280.0,0.0070886277503612,13012992.0,0.0070886277503612,13012992.0
t_74,frontend_browsing_replicas_1_users_5,frontend,browsing,1,5,0.0069021694111598,13049856.0,6.9021694111598295,1304985.6,1.0,1.0,2.170652028979063,27.13078397209537,-0.0001864583392014,0.0069021694111598,1.0,0.4533293333670083,0.0,0,0,0.0,0,0,high,2,0,74,0.6109343780136828,1.123949977792049,1.1180851063829786,0.05,0.0,0.0070264749706274,0.00010765177233053968,13037568.0,0.0070886277503612,13049856.0,0.0070886277503612,13012992.0
t_75,frontend_browsing_replicas_1_users_5,frontend,browsing,1,5,0.0069021694111598,13049856.0,6.9021694111598295,1304985.6,1.0,1.0,2.170652028979063,27.13078397209537,0.0,0.0069021694111598,1.0,0.4533293333670083,0.0,0,0,0.0,0,0,high,2,0,75,0.6201863736409637,1.118635948945871,1.1196808510638299,0.05,0.0,0.006964322190893601,0.00010765177233054075,13049856.0,0.0069021694111598,13049856.0,0.0070886277503612,13049856.0
t_76,frontend_browsing_replicas_1_users_5,frontend,browsing,1,5,0.007927029090909,13049856.0,7.927029090909087,1304985.6,1.0,1.0,2.170652028979063,27.13078397209537,0.0010248596797492,0.007927029090909,1.0,0.4722900558262275,0.0,0,0,0.0,0,0,high,2,0,76,0.6293041364079044,1.113189418866119,1.1212765957446809,0.05,0.0,0.007243789304409533,0.0005917030119847861,13049856.0,0.0069021694111598,13049856.0,0.0069021694111598,13049856.0
t_77,frontend_browsing_replicas_1_users_5,frontend,browsing,1,5,0.007927029090909,13049856.0,7.927029090909087,1304985.6,1.0,1.0,2.170652028979063,27.13078397209537,0.0,0.007927029090909,1.0,0.4722900558262275,0.0,0,0,0.0,0,0,high,2,0,77,0.6382774829356485,1.1076164706326745,1.1228723404255319,0.05,0.0,0.007585409197659265,0.000591703011984785,13049856.0,0.007927029090909,13049856.0,0.0069021694111598,13049856.0
t_78,frontend_browsing_replicas_1_users_5,frontend,browsing,1,5,0.0079318715627915,13217792.0,7.931871562791504,1321779.2000000002,1.0,1.0,2.170652028979063,27.13078397209537,4.842471882416516e-06,0.0079318715627915,1.0,0.4765701605496614,0.0,0,0,0.0,0,0,high,2,0,78,0.6470963911398717,1.1019233285183836,1.124468085106383,0.05,0.0,0.007928643248203165,2.795802442811083e-06,13105834.666666666,0.007927029090909,13049856.0,0.007927029090909,13049856.0
t_79,frontend_browsing_replicas_1_users_5,frontend,browsing,1,5,0.0020233066746048,13463552.0,2.02330667460489,1346355.2000000002,1.0,1.0,2.170652028979063,27.13078397209537,-0.0059085648881866,0.0020233066746048,1.0,0.3733894530976449,0.0,0,0,0.0,0,0,medium,1,1,79,0.6557510114241726,1.0961163510373368,1.126063829787234,0.05,0.0,0.005960735776101765,0.003409914487105195,13243733.333333334,0.0079318715627915,13217792.0,0.007927029090909,13049856.0
t_80,frontend_browsing_replicas_1_users_5,frontend,browsing,1,5,0.0015220415882649,13463552.0,1.5220415882649525,1346355.2000000002,1.0,1.0,2.170652028979063,27.13078397209537,-0.0005012650863399,0.0015220415882649,1.0,0.3641156487238467,0.0,0,0,0.0,0,0,medium,1,0,80,0.664231677680816,1.0902020238432204,1.127659574468085,0.05,0.0,0.003825739941887066,0.003564835807977598,13381632.0,0.0020233066746048,13463552.0,0.0079318715627915,13217792.0
t_81,frontend_browsing_replicas_1_users_5,frontend,browsing,1,5,0.0010472143299578,13463552.0,1.0472143299578012,1346355.2000000002,1.0,1.0,2.170652028979063,27.13078397209537,-0.0004748272583071,0.0010472143299578,1.0,0.3553309652801224,0.0,0,0,0.0,0,0,low,0,1,81,0.672528918086543,1.084186952485667,1.129255319148936,0.05,0.0,0.0015308541976091661,0.000488105841884967,13463552.0,0.0015220415882649,13463552.0,0.0020233066746048,13463552.0
t_82,frontend_browsing_replicas_1_users_5,frontend,browsing,1,5,0.0006548015091863,13463552.0,0.6548015091863495,1346355.2000000002,1.0,1.0,2.170652028979063,27.13078397209537,-0.0003924128207714,0.0006548015091863,1.0,0.3480710147414231,0.0,0,0,0.0,0,0,low,0,0,82,0.6806334656813914,1.078077855032699,1.1308510638297873,0.05,0.0,0.0010746858091363327,0.00043427220762590966,13463552.0,0.0010472143299578,13463552.0,0.0015220415882649,13463552.0
t_83,frontend_browsing_replicas_1_users_5,frontend,browsing,1,5,0.0029334742930231,13463552.0,2.9334742930231616,1346355.2000000002,1.0,1.0,2.170652028979063,27.13078397209537,0.0022786727838368,0.0029334742930231,1.0,0.3902282808368917,0.0,0,0,0.0,0,0,medium,1,1,83,0.688536268718707,1.0718815545675027,1.1324468085106383,0.05,0.0,0.001545163377389066,0.001218216874915111,13463552.0,0.0006548015091863,13463552.0,0.0010472143299578,13463552.0
t_84,frontend_browsing_replicas_1_users_5,frontend,browsing,1,5,0.0034413384735295,13463552.0,3.441338473529586,1346355.2000000002,1.0,1.0,2.170652028979063,27.13078397209537,0.0005078641805064,0.0034413384735295,1.0,0.3996241737223617,0.0,0,0,0.0,0,0,medium,1,0,84,0.6962285007747927,1.065604971567914,1.1340425531914893,0.05,0.0,0.0023432047585796325,0.0014840857980190534,13463552.0,0.0029334742930231,13463552.0,0.0006548015091863,13463552.0
t_85,frontend_browsing_replicas_1_users_5,frontend,browsing,1,5,0.003949202654036,13463552.0,3.949202654036012,1346355.2000000002,1.0,1.0,2.170652028979063,27.13078397209537,0.0005078641805064,0.003949202654036,1.0,0.4090200666078317,0.0,0,0,0.0,0,0,medium,1,0,85,0.7037015706068975,1.0592551161771269,1.1356382978723405,0.05,0.0,0.0034413384735295324,0.0005078641805064583,13463552.0,0.0034413384735295,13463552.0,0.0029334742930231,13463552.0
t_86,frontend_browsing_replicas_1_users_5,frontend,browsing,1,5,0.0040098416371884,13463552.0,4.00984163718848,1346355.2000000002,1.0,1.0,2.170652028979063,27.13078397209537,6.063898315246744e-05,0.0040098416371884,1.0,0.4101419362183569,0.0,0,0,0.0,0,0,medium,1,0,86,0.7109471317485404,1.0528390803742573,1.1372340425531915,0.05,0.0,0.003800127588251299,0.00031219624149176603,13463552.0,0.003949202654036,13463552.0,0.0034413384735295,13463552.0
t_87,frontend_browsing_replicas_1_users_5,frontend,browsing,1,5,0.003501977456682,13463552.0,3.501977456682054,1346355.2000000002,1.0,1.0,2.170652028979063,27.13078397209537,-0.0005078641805064,0.003501977456682,1.0,0.4007460433328869,0.0,0,0,0.0,0,0,medium,1,0,87,0.7179570918314488,1.0463640300535058,1.1388297872340425,0.05,0.0,0.0038203405826354657,0.00027737264022356726,13463552.0,0.0040098416371884,13463552.0,0.003949202654036,13463552.0
t_88,frontend_browsing_replicas_1_users_5,frontend,browsing,1,5,0.0029941132761756,13463552.0,2.994113276175629,1346355.2000000002,1.0,1.0,2.170652028979063,27.13078397209537,-0.0005078641805064,0.0029941132761756,1.0,0.3913501504474168,0.0,0,0,0.0,0,0,medium,1,0,88,0.7247236216237036,1.0398371970207672,1.1404255319148937,0.05,0.0,0.0035019774566819994,0.0005078641805064084,13463552.0,0.003501977456682,13463552.0,0.0040098416371884,13463552.0
t_89,frontend_browsing_replicas_1_users_5,frontend,browsing,1,5,0.0015381820159606,14938112.0,1.5381820159606094,1493811.2000000002,1.0,1.0,2.170652028979063,27.13078397209537,-0.001455931260215,0.0015381820159606,1.0,0.4012090264913499,0.0,0,0,0.0,0,0,medium,1,0,89,0.731239163773992,1.033265870916626,1.1420212765957447,0.05,0.0,0.0026780909162727323,0.001019326116715591,13955072.0,0.0029941132761756,13463552.0,0.003501977456682,13463552.0
t_90,frontend_browsing_replicas_1_users_5,frontend,browsing,1,5,0.0013393153136637,14938112.0,1.33931531366375,1493811.2000000002,1.0,1.0,2.170652028979063,27.13078397209537,-0.0001988667022968,0.0013393153136637,1.0,0.3975298336973144,0.0,0,0,0.0,0,0,low,0,1,90,0.7374964412522064,1.0266573910747556,1.1436170212765957,0.05,0.0,0.001957203535266633,0.000903478472026067,14446592.0,0.0015381820159606,14938112.0,0.0029941132761756,13463552.0
t_91,frontend_browsing_replicas_1_users_5,frontend,browsing,1,5,0.0019775849702052,14938112.0,1.977584970205253,1493811.2000000002,1.0,1.0,2.170652028979063,27.13078397209537,0.0006382696565415,0.0019775849702052,1.0,0.4093383320224563,0.0,0,0,0.0,0,0,medium,1,1,91,0.7434884654769593,1.0200191383248198,1.1452127659574467,0.05,0.0,0.0016183607666098328,0.00032660145844312833,14938112.0,0.0013393153136637,14938112.0,0.0015381820159606,14938112.0
t_92,frontend_browsing_replicas_1_users_5,frontend,browsing,1,5,0.0019558825553704,14938112.0,1.9558825553704904,1493811.2000000002,1.0,1.0,2.170652028979063,27.13078397209537,-2.170241483476264e-05,0.0019558825553704,1.0,0.4089368200179276,0.0,0,0,0.0,0,0,medium,1,0,92,0.7492085441209383,1.0133585267490244,1.146808510638298,0.05,0.0,0.0017575942797464327,0.0003624027025325115,14938112.0,0.0019775849702052,14938112.0,0.0013393153136637,14938112.0
t_93,frontend_browsing_replicas_1_users_5,frontend,browsing,1,5,0.0020300546591547,15523840.0,2.0300546591547524,1552384.0,1.0,1.0,2.170652028979063,27.13078397209537,7.417210378426195e-05,0.0020300546591547,1.0,0.4249247622673512,0.0,0,0,0.0,0,0,medium,1,0,93,0.7546502885853822,1.0066829954015348,1.148404255319149,0.05,0.0,0.001987840728243433,3.813476989142157e-05,15133354.666666666,0.0019558825553704,14938112.0,0.0019775849702052,14938112.0
t_94,frontend_browsing_replicas_1_users_5,frontend,browsing,1,5,0.0020300546591547,15523840.0,2.0300546591547524,1552384.0,1.0,1.0,2.170652028979063,27.13078397209537,0.0,0.0020300546591547,1.0,0.4249247622673512,0.0,0,0,0.0,0,0,medium,1,0,94,0.7598076211353315,1.0,1.15,0.05,0.0,0.002005330624559933,4.2823284086462104e-05,15328597.333333334,0.0020300546591547,15523840.0,0.0019558825553704,14938112.0
t_95,frontend_browsing_replicas_1_users_5,frontend,browsing,1,5,0.0020300546591547,15523840.0,2.0300546591547524,1552384.0,1.0,1.0,2.170652028979063,27.13078397209537,0.0,0.0020300546591547,1.0,0.4249247622673512,0.0,0,0,0.0,0,0,medium,1,0,95,0.7646747816876847,0.9933170045984651,1.1515957446808511,0.05,0.0,0.0020300546591547,0.0,15523840.0,0.0020300546591547,15523840.0,0.0020300546591547,15523840.0
t_96,frontend_browsing_replicas_1_users_5,frontend,browsing,1,5,0.0006830133333333,15474688.0,0.6830133333333333,1547468.8,1.0,1.0,2.170652028979063,27.13078397209537,-0.0013470413258214,0.0006830133333333,1.0,0.3987769298510358,0.0,0,0,0.0,0,0,low,0,1,96,0.7692463342444749,0.9866414732509757,1.1531914893617021,0.05,0.0,0.0015810408838808994,0.0007777146720725512,15507456.0,0.0020300546591547,15523840.0,0.0020300546591547,15523840.0
t_97,frontend_browsing_replicas_1_users_5,frontend,browsing,1,5,0.0006830133333333,15474688.0,0.6830133333333333,1547468.8,1.0,1.0,2.170652028979063,27.13078397209537,0.0,0.0006830133333333,1.0,0.3987769298510358,0.0,0,0,0.0,0,0,low,0,0,97,0.7735171729641888,0.9799808616751803,1.1547872340425531,0.05,0.0,0.0011320271086070995,0.0007777146720725541,15491072.0,0.0006830133333333,15474688.0,0.0020300546591547,15523840.0
t_98,frontend_browsing_replicas_1_users_5,frontend,browsing,1,5,0.002109748170709,15499264.0,2.109748170709058,1549926.4,1.0,1.0,2.170652028979063,27.13078397209537,0.0014267348373757,0.002109748170709,1.0,0.4257859097528644,0.0,0,0,0.0,0,0,medium,1,1,98,0.77748252786434,0.9733426089252443,1.1563829787234043,0.05,0.0,0.0011585916124585327,0.0008237257424210946,15482880.0,0.0006830133333333,15474688.0,0.0006830133333333,15474688.0
t_99,frontend_browsing_replicas_1_users_5,frontend,browsing,1,5,0.002109748170709,15499264.0,2.109748170709058,1549926.4,1.0,1.0,2.170652028979063,27.13078397209537,0.0,0.002109748170709,1.0,0.4257859097528644,0.0,0,0,0.0,0,0,medium,1,0,99,0.7811379701489309,0.9667341290833742,1.1579787234042553,0.05,0.0,0.0016341698915837662,0.0008237257424210918,15491072.0,0.002109748170709,15499264.0,0.0006830133333333,15474688.0
t_100,frontend_browsing_replicas_1_users_5,frontend,browsing,1,5,0.002109748170709,15499264.0,2.109748170709058,1549926.4,1.0,1.0,2.170652028979063,27.13078397209537,0.0,0.002109748170709,1.0,0.4257859097528644,0.0,0,0,0.0,0,0,medium,1,0,100,0.7844794171548546,0.9601628029792328,1.1595744680851063,0.05,0.0,0.002109748170709,0.0,15499264.0,0.002109748170709,15499264.0,0.002109748170709,15499264.0
t_101,frontend_browsing_replicas_1_users_5,frontend,browsing,1,5,0.0019973353873056,15499264.0,1.9973353873056183,1549926.4,1.0,1.0,2.170652028979063,27.13078397209537,-0.0001124127834034,0.0019973353873056,1.0,0.4237061834946293,0.0,0,0,0.0,0,0,medium,1,0,101,0.7875031369117075,0.9536359699464944,1.1611702127659576,0.05,0.0,0.002072277242907866,6.490155075845633e-05,15499264.0,0.002109748170709,15499264.0,0.002109748170709,15499264.0
t_102,frontend_browsing_replicas_1_users_5,frontend,browsing,1,5,0.0019819194404869,15499264.0,1.981919440486984,1549926.4,1.0,1.0,2.170652028979063,27.13078397209537,-1.5415946818634306e-05,0.0019819194404869,1.0,0.4234209761683485,0.0,0,0,0.0,0,0,medium,1,0,102,0.7902057523099262,0.9471609196257429,1.1627659574468086,0.05,0.0,0.002029667666167166,6.9778780871085e-05,15499264.0,0.0019973353873056,15499264.0,0.002109748170709,15499264.0
t_103,frontend_browsing_replicas_1_users_5,frontend,browsing,1,5,0.0010904419813018,15867904.0,1.0904419813018709,1586790.4,1.0,1.0,2.170652028979063,27.13078397209537,-0.0008914774591851,0.0010904419813018,1.0,0.4161266230412355,0.0,0,0,0.0,0,0,low,0,1,103,0.7925842448725877,0.9407448838228732,1.1643617021276595,0.05,0.0,0.001689898936364766,0.000519202170242118,15622144.0,0.0019819194404869,15499264.0,0.0019973353873056,15499264.0
t_104,frontend_browsing_replicas_1_users_5,frontend,browsing,1,5,0.00091815,15867904.0,0.9181500000000008,1586790.4,1.0,1.0,2.170652028979063,27.13078397209537,-0.0001722919813018,0.00091815,1.0,0.4129390838063883,0.0,0,0,0.0,0,0,low,0,0,104,0.7946359581266633,0.9343950284320862,1.1659574468085105,0.05,0.0,0.001330170473929566,0.0005709673092758167,15745024.0,0.0010904419813018,15867904.0,0.0019819194404869,15499264.0
t_105,frontend_browsing_replicas_1_users_5,frontend,browsing,1,5,0.00091815,15867904.0,0.9181500000000008,1586790.4,1.0,1.0,2.170652028979063,27.13078397209537,0.0,0.00091815,1.0,0.4129390838063883,0.0,0,0,0.0,0,0,low,0,0,105,0.7963586005699608,0.9281184454324976,1.1675531914893618,0.05,0.0,0.0009755806604339326,9.947282178396318e-05,15867904.0,0.00091815,15867904.0,0.0010904419813018,15867904.0
t_106,frontend_browsing_replicas_1_users_5,frontend,browsing,1,5,0.00091815,15867904.0,0.9181500000000008,1586790.4,1.0,1.0,2.170652028979063,27.13078397209537,0.0,0.00091815,1.0,0.4129390838063883,0.0,0,0,0.0,0,0,low,0,0,106,0.7977502482304397,0.921922144967301,1.1691489361702128,0.05,0.0,0.00091815,0.0,15867904.0,0.00091815,15867904.0,0.00091815,15867904.0
t_107,frontend_browsing_replicas_1_users_5,frontend,browsing,1,5,0.0009293778517148,15867904.0,0.9293778517148296,1586790.4,1.0,1.0,2.170652028979063,27.13078397209537,1.1227851714828486e-05,0.0009293778517148,1.0,0.4131468080289181,0.0,0,0,0.0,0,0,low,0,0,107,0.7988093468150437,0.915813047514333,1.1707446808510638,0.05,0.0,0.0009218926172382659,6.482403212382611e-06,15867904.0,0.00091815,15867904.0,0.00091815,15867904.0
t_108,frontend_browsing_replicas_1_users_5,frontend,browsing,1,5,0.00037236,15867904.0,0.3723600000000005,1586790.4,1.0,1.0,2.170652028979063,27.13078397209537,-0.0005570178517148,0.00037236,1.0,0.4028415329752841,0.0,0,0,0.0,0,0,low,0,0,108,0.7995347134456465,0.9097979761567796,1.172340425531915,0.05,0.0,0.000739962617238266,0.00031840269991613353,15867904.0,0.0009293778517148,15867904.0,0.00091815,15867904.0
t_109,frontend_browsing_replicas_1_users_5,frontend,browsing,1,5,0.00037236,15867904.0,0.3723600000000005,1586790.4,1.0,1.0,2.170652028979063,27.13078397209537,0.0,0.00037236,1.0,0.4028415329752841,0.0,0,0,0.0,0,0,low,0,0,109,0.7999255379801777,0.9038836489626633,1.173936170212766,0.05,0.0,0.000558032617238266,0.00032159440663102163,15867904.0,0.00037236,15867904.0,0.0009293778517148,15867904.0
t_110,frontend_browsing_replicas_1_users_5,frontend,browsing,1,5,0.000321381995341,15867904.0,0.3213819953410985,1586790.4,1.0,1.0,2.170652028979063,27.13078397209537,-5.0978004658901925e-05,0.000321381995341,1.0,0.4018983991814961,0.0,0,0,0.0,0,0,low,0,0,110,0.7999813839174469,0.8980766714816165,1.175531914893617,0.05,0.0,0.00035536733178033263,2.9432164713258524e-05,15867904.0,0.00037236,15867904.0,0.00037236,15867904.0
t_111,frontend_browsing_replicas_1_users_5,frontend,browsing,1,5,0.0077862160869556,15867904.0,7.78621608695568,1586790.4,1.0,1.0,2.170652028979063,27.13078397209537,0.0074648340916145,0.0077862160869556,1.0,0.5400037907896923,0.0,0,0,0.0,0,0,high,2,1,111,0.7997021888846602,0.8923835293673255,1.1771276595744682,0.05,0.0,0.002826652694098866,0.0042951835205335765,15867904.0,0.000321381995341,15867904.0,0.00037236,15867904.0
t_112,frontend_browsing_replicas_1_users_5,frontend,browsing,1,5,0.0086290930345835,15867904.0,8.629093034583535,1586790.4,1.0,1.0,2.170652028979063,27.13078397209537,0.0008428769476278,0.0086290930345835,1.0,0.5555976873855225,0.0,0,0,0.0,0,0,high,2,0,112,0.7990882647070829,0.8868105811338811,1.1787234042553192,0.05,0.0,0.0055788970389600324,0.004572604150002595,15867904.0,0.0077862160869556,15867904.0,0.000321381995341,15867904.0
t_113,frontend_browsing_replicas_1_users_5,frontend,browsing,1,5,0.0081178748668199,12775424.0,8.11787486681994,1277542.4,1.0,1.0,2.170652028979063,27.13078397209537,-0.0005112181677635,0.0081178748668199,1.0,0.4689729401139454,0.0,0,0,0.0,0,0,high,2,0,113,0.7981402970597704,0.881364051054129,1.1803191489361702,0.05,0.0,0.008177727996119667,0.00042461416018052593,14837077.333333334,0.0086290930345835,15867904.0,0.0077862160869556,15867904.0
t_114,frontend_browsing_replicas_1_users_5,frontend,browsing,1,5,0.0066232407407407,12775424.0,6.623240740740741,1277542.4,1.0,1.0,2.170652028979063,27.13078397209537,-0.0014946341260792,0.0066232407407407,1.0,0.4413210152674153,0.0,0,0,0.0,0,0,high,2,0,114,0.7968593447017562,0.876050022207951,1.1819148936170212,0.05,0.0,0.007790069547381366,0.0010423306105874998,13806250.666666666,0.0081178748668199,12775424.0,0.0086290930345835,15867904.0
t_115,frontend_browsing_replicas_1_users_5,frontend,browsing,1,5,0.0070152937633926,12775424.0,7.015293763392657,1277542.4,1.0,1.0,2.170652028979063,27.13078397209537,0.0003920530226519,0.0070152937633926,1.0,0.4485743092535927,0.0,0,0,0.0,0,0,high,2,0,115,0.7952468382935534,0.8708744296882396,1.1835106382978724,0.05,0.0,0.007252136456984398,0.0007749539591749688,12775424.0,0.0066232407407407,12775424.0,0.0081178748668199,12775424.0
t_116,frontend_browsing_replicas_1_users_5,frontend,browsing,1,5,0.0073319210605642,12775424.0,7.331921060564298,1277542.4,1.0,1.0,2.170652028979063,27.13078397209537,0.0003166272971716,0.0073319210605642,1.0,0.4544321670884848,0.0,0,0,0.0,0,0,high,2,0,116,0.793304578799289,0.8658430539721553,1.1851063829787234,0.05,0.0,0.006990151854899165,0.00035500850074085343,12775424.0,0.0070152937633926,12775424.0,0.0066232407407407,12775424.0
t_117,frontend_browsing_replicas_1_users_5,frontend,browsing,1,5,0.0082328159693424,12775424.0,8.232815969342443,1277542.4,1.0,1.0,2.170652028979063,27.13078397209537,0.0009008949087781,0.0082328159693424,1.0,0.4710994422948283,0.0,0,0,0.0,0,0,high,2,0,117,0.7910347354752567,0.8609615144650715,1.1867021276595744,0.05,0.0,0.007526676931099732,0.0006316941248153383,12775424.0,0.0073319210605642,12775424.0,0.0070152937633926,12775424.0
t_118,frontend_browsing_replicas_1_users_5,frontend,browsing,1,5,0.0109715771830807,12775424.0,10.97157718308079,1277542.4,1.0,1.0,2.170652028979063,27.13078397209537,0.0027387612137383,0.0109715771830807,1.0,0.5217687117390825,0.0,0,0,0.0,0,0,high,2,0,118,0.7884398434471342,0.8562352632244142,1.1882978723404256,0.05,0.0,0.008845438070995767,0.0018955879172748867,12775424.0,0.0082328159693424,12775424.0,0.0073319210605642,12775424.0
t_119,frontend_browsing_replicas_1_users_5,frontend,browsing,1,5,0.0089655167556946,12775424.0,8.965516755694681,1277542.4,1.0,1.0,2.170652028979063,27.13078397209537,-0.0020060604273861,0.0089655167556946,1.0,0.4846549919278039,0.0,0,0,0.0,0,0,high,2,0,119,0.7855228008785706,0.8516695788704085,1.1898936170212766,0.05,0.0,0.009389969969372566,0.0014178588238680258,12775424.0,0.0109715771830807,12775424.0,0.0082328159693424,12775424.0
t_120,frontend_browsing_replicas_1_users_5,frontend,browsing,1,5,0.0115605484574633,12775424.0,11.560548457463389,1277542.4,1.0,1.0,2.170652028979063,27.13078397209537,0.0025950317017687,0.0115605484574633,1.0,0.5326651506279196,0.0,0,0,0.0,0,0,high,2,0,120,0.7822868657343072,0.8472695606905335,1.1914893617021276,0.05,0.0,0.010499214132079533,0.0013604751090186868,12775424.0,0.0089655167556946,12775424.0,0.0109715771830807,12775424.0
t_121,frontend_browsing_replicas_1_users_5,frontend,browsing,1,5,0.0141693049891293,13111296.0,14.169304989129351,1311129.6,1.0,1.0,2.170652028979063,27.13078397209537,0.0026087565316659,0.0141693049891293,1.0,0.5893102598943339,0.0,0,0,0.0,0,0,high,2,0,121,0.7787356521414464,0.8430401229442679,1.1930851063829788,0.05,0.0,0.011565123400762399,0.0026018971332833103,12887381.333333334,0.0115605484574633,12775424.0,0.0089655167556946,12775424.0
t_122,frontend_browsing_replicas_1_users_5,frontend,browsing,1,5,0.0168231144565977,13111296.0,16.823114456597732,1311129.6,1.0,1.0,2.170652028979063,27.13078397209537,0.0026538094674683,0.0168231144565977,1.0,0.6384078541958553,0.0,0,0,0.0,0,0,high,2,0,122,0.7748731263529315,0.8389859893744873,1.1946808510638298,0.05,0.0,0.014184322634396765,0.002631315140963406,12999338.666666666,0.0141693049891293,13111296.0,0.0115605484574633,12775424.0
t_123,frontend_browsing_replicas_1_users_5,frontend,browsing,1,5,0.0192564734895191,13111296.0,19.25647348951912,1311129.6,1.0,1.0,2.170652028979063,27.13078397209537,0.0024333590329213,0.0192564734895191,1.0,0.6834269394214001,0.0,0,0,0.0,0,0,high,2,0,123,0.770703602317749,0.8351116879316478,1.1962765957446808,0.05,0.0,0.016749630978415368,0.0025443802200169905,13111296.0,0.0168231144565977,13111296.0,0.0141693049891293,13111296.0
t_124,frontend_browsing_replicas_1_users_5,frontend,browsing,1,5,0.0200130996109815,13111296.0,20.01309961098157,1311129.6,1.0,1.0,2.170652028979063,27.13078397209537,0.0007566261214624,0.0200130996109815,1.0,0.6974251268590745,0.0,0,0,0.0,0,0,high,2,0,124,0.7662317368627969,0.8314215457166406,1.1978723404255318,0.05,0.0,0.018697562519032766,0.0016668195541193237,13111296.0,0.0192564734895191,13111296.0,0.0168231144565977,13111296.0
t_125,frontend_browsing_replicas_1_users_5,frontend,browsing,1,5,0.0238912303714361,12795904.0,23.891230371436123,1279590.4,1.0,1.0,2.170652028979063,27.13078397209537,0.0038781307604545,0.0238912303714361,1.0,0.7613036509179123,0.0,0,0,0.0,0,0,high,2,0,125,0.7614625244918015,0.8279196841479721,1.199468085106383,0.05,0.0,0.021053601157312234,0.0024864081401806295,13006165.333333334,0.0200130996109815,13111296.0,0.0192564734895191,13111296.0
t_126,frontend_browsing_replicas_1_users_5,frontend,browsing,1,5,0.0264886896188686,12795904.0,26.48868961886867,1279590.4,1.0,1.0,2.170652028979063,27.13078397209537,0.0025974592474325,0.0264886896188686,1.0,0.8093587211512836,0.0,0,0,0.0,0,0,high,2,0,126,0.7564012918070954,0.8246100143586658,1.201063829787234,0.05,0.0,0.0234643398670954,0.0032588330909366536,12901034.666666666,0.0238912303714361,12795904.0,0.0200130996109815,13111296.0
t_127,frontend_browsing_replicas_1_users_5,frontend,browsing,1,5,0.0260458908963023,12795904.0,26.045890896302307,1279590.4,1.0,1.0,2.170652028979063,27.13078397209537,-0.0004427987225663,0.0260458908963023,1.0,0.8011665911945935,0.0,0,0,0.0,0,0,high,2,0,127,0.7510536915604801,0.8214962328280238,1.202659574468085,0.05,0.0,0.025475270295535663,0.001389569911171198,12795904.0,0.0264886896188686,12795904.0,0.0238912303714361,12795904.0
t_128,frontend_browsing_replicas_1_users_5,frontend,browsing,1,5,0.0269832430462938,12795904.0,26.98324304629388,1279590.4,1.0,1.0,2.170652028979063,27.13078397209537,0.0009373521499915,0.0269832430462938,1.0,0.8185083544756808,0.0,0,0,0.0,0,0,high,2,0,128,0.7454256963398228,0.8185818172531318,1.2042553191489362,0.05,0.0,0.026505941187154897,0.000468914145371396,12795904.0,0.0260458908963023,12795904.0,0.0264886896188686,12795904.0
t_129,frontend_browsing_replicas_1_users_5,frontend,browsing,1,5,0.0270258604848399,12795904.0,27.025860484839917,1279590.4,1.0,1.0,2.170652028979063,27.13078397209537,4.261743854603456e-05,0.0270258604848399,1.0,0.8192968111201963,0.0,0,0,0.0,0,0,high,2,0,129,0.7395235918984383,0.8158700226647142,1.2058510638297872,0.05,0.0,0.026684998142478666,0.0005538931445713353,12795904.0,0.0269832430462938,12795904.0,0.0260458908963023,12795904.0
t_130,frontend_browsing_replicas_1_users_5,frontend,browsing,1,5,0.0268848740501827,12795904.0,26.884874050182745,1279590.4,1.0,1.0,2.170652028979063,27.13078397209537,-0.0001409864346571,0.0268848740501827,1.0,0.8166884494967754,0.0,0,0,0.0,0,0,high,2,0,130,0.7333539701347022,0.8133638777916794,1.2074468085106382,0.05,0.0,0.026964659193772136,7.230707690090964e-05,12795904.0,0.0270258604848399,12795904.0,0.0269832430462938,12795904.0
t_131,frontend_browsing_replicas_1_users_5,frontend,browsing,1,5,0.0268554817160396,12795904.0,26.85548171603961,1279590.4,1.0,1.0,2.170652028979063,27.13078397209537,-2.9392334143139853e-05,0.0268554817160396,1.0,0.8161446678443904,0.0,0,0,0.0,0,0,high,2,0,131,0.7269237217297416,0.8110661816784162,1.2090425531914892,0.05,0.0,0.0269220720836874,9.10768987539985e-05,12795904.0,0.0268848740501827,12795904.0,0.0270258604848399,12795904.0
t_132,frontend_browsing_replicas_1_users_5,frontend,browsing,1,5,0.0269089872106328,12795904.0,26.90898721063289,1279590.4,1.0,1.0,2.170652028979063,27.13078397209537,5.3505494593288766e-05,0.0269089872106328,1.0,0.8171345622202477,0.0,0,0,0.0,0,0,high,2,0,132,0.7202400284514218,0.8089795005586176,1.2106382978723405,0.05,0.0,0.026883114325618365,2.6796118385502697e-05,12795904.0,0.0268554817160396,12795904.0,0.0268848740501827,12795904.0
t_133,frontend_browsing_replicas_1_users_5,frontend,browsing,1,5,0.0265289334593314,12795904.0,26.528933459331466,1279590.4,1.0,1.0,2.170652028979063,27.13078397209537,-0.0003800537513014,0.0265289334593314,1.0,0.8101032643358635,0.0,0,0,0.0,0,0,high,2,0,133,0.7133103551332283,0.8071061649891247,1.2122340425531914,0.05,0.0,0.026764467462001267,0.00020572532488221087,12795904.0,0.0269089872106328,12795904.0,0.0268554817160396,12795904.0
t_134,frontend_browsing_replicas_1_users_5,frontend,browsing,1,5,0.0264892792347022,12795904.0,26.489279234702288,1279590.4,1.0,1.0,2.170652028979063,27.13078397209537,-3.965422462917992e-05,0.0264892792347022,1.0,0.809369629515033,0.0,0,0,0.0,0,0,high,2,0,134,0.7061424413369972,0.8054482672469925,1.2138297872340424,0.05,0.0,0.026642399968222135,0.0002317211314156274,12795904.0,0.0265289334593314,12795904.0,0.0269089872106328,12795904.0
t_135,frontend_browsing_replicas_1_users_5,frontend,browsing,1,5,0.0255465534602432,12255232.0,25.54655346024325,1225523.2,1.0,1.0,2.170652028979063,27.13078397209537,-0.000942725774459,0.0255465534602432,1.0,0.7784370353359086,0.0,0,0,0.0,0,0,high,2,0,135,0.6987442927088132,0.8040076589926827,1.2154255319148937,0.05,0.0,0.026188255384758937,0.0005560837475846986,12615680.0,0.0264892792347022,12795904.0,0.0265289334593314,12795904.0
t_136,frontend_browsing_replicas_1_users_5,frontend,browsing,1,5,0.024203245715623,12255232.0,24.203245715623037,1225523.2,1.0,1.0,2.170652028979063,27.13078397209537,-0.0013433077446202,0.024203245715623,1.0,0.7535847693854176,0.0,0,0,0.0,0,0,high,2,0,136,0.6911241720377223,0.8027859492019943,1.2170212765957447,0.05,0.0,0.025413026136856132,0.001148851370785752,12435456.0,0.0255465534602432,12255232.0,0.0264892792347022,12795904.0
t_137,frontend_browsing_replicas_1_users_5,frontend,browsing,1,5,0.0216831740238665,12136448.0,21.683174023866503,1213644.8,1.0,1.0,2.170652028979063,27.13078397209537,-0.0025200716917565,0.0216831740238665,1.0,0.7039974078340168,0.0,0,0,0.0,0,0,high,2,0,137,0.6832905900272496,0.801784502369044,1.2186170212765957,0.05,0.0,0.023810991066577566,0.001961331932546759,12215637.333333334,0.024203245715623,12255232.0,0.0255465534602432,12255232.0
t_138,frontend_browsing_replicas_1_users_5,frontend,browsing,1,5,0.0180252512820512,12136448.0,18.02525128205128,1213644.8,1.0,1.0,2.170652028979063,27.13078397209537,-0.0036579227418152,0.0180252512820512,1.0,0.6363229161399016,0.0,0,0,0.0,0,0,high,2,0,138,0.6752522957900284,0.8010044369822992,1.2202127659574469,0.05,0.0,0.021303890340513564,0.0031064120605055006,12176042.666666666,0.0216831740238665,12136448.0,0.024203245715623,12255232.0
t_139,frontend_browsing_replicas_1_users_5,frontend,browsing,1,5,0.0162686540842875,12161024.0,16.268654084287533,1216102.4,1.0,1.0,2.170652028979063,27.13078397209537,-0.0017565971977637,0.0162686540842875,1.0,0.6044377113972643,0.0,0,0,0.0,0,0,high,2,0,139,0.6670182670761564,0.8004466242753694,1.2218085106382979,0.05,0.0,0.018659026463401732,0.002762337738111728,12144640.0,0.0180252512820512,12136448.0,0.0216831740238665,12136448.0
t_140,frontend_browsing_replicas_1_users_5,frontend,browsing,1,5,0.0136345328531731,12161024.0,13.634532853173118,1216102.4,1.0,1.0,2.170652028979063,27.13078397209537,-0.0026341212311144,0.0136345328531731,1.0,0.5557043651899896,0.0,0,0,0.0,0,0,high,2,0,140,0.6585977002461941,0.8001116872539491,1.2234042553191489,0.05,0.0,0.0159761460731706,0.0022099259677300863,12152832.0,0.0162686540842875,12161024.0,0.0180252512820512,12136448.0
t_141,frontend_browsing_replicas_1_users_5,frontend,browsing,1,5,0.0108987485512224,12161024.0,10.898748551222436,1216102.4,1.0,1.0,2.170652028979063,27.13078397209537,-0.0027357843019506,0.0108987485512224,1.0,0.5050901709909684,0.0,0,0,0.0,0,0,high,2,0,141,0.6499999999999999,0.8,1.225,0.05,0.0,0.013600645162894333,0.0026851131522106736,12161024.0,0.0136345328531731,12161024.0,0.0162686540842875,12161024.0
t_142,frontend_browsing_replicas_1_users_5,frontend,browsing,1,5,0.0108987485512224,12161024.0,10.898748551222436,1216102.4,1.0,1.0,2.170652028979063,27.13078397209537,-0.0027357843019506,0.0108987485512224,1.0,0.5050901709909684,0.0,0,0,0.0,0,0,medium,1,1,142,0.6412347688728823,0.8001116872539491,1.226595744680851,0.05,0.0,0.01226664070219775,0.0019344916317728443,12161024.0,0.0108987485512224,12161024.0,0.0136345328531731,12161024.0
t_143,frontend_browsing_replicas_1_users_5,frontend,browsing,1,5,0.0108987485512224,12161024.0,10.898748551222436,1216102.4,1.0,1.0,2.170652028979063,27.13078397209537,-0.0027357843019506,0.0108987485512224,1.0,0.5050901709909684,0.0,0,0,0.0,0,0,medium,1,0,143,0.6323117965107894,0.8004466242753694,1.228191489361702,0.05,0.0,0.0108987485512224,0.0,12161024.0,0.0033806888888888,12161024.0,0.0108987485512224,12161024.0
t_144,frontend_browsing_replicas_1_users_5,frontend,browsing,1,5,0.0108987485512224,12169216.0,10.898748551222436,1216921.6,1.0,1.0,2.170652028979063,27.13078397209537,-0.0027357843019506,0.0108987485512224,1.0,0.5050901709909684,0.0,0,0,0.0,0,0,medium,1,0,144,0.6232410487365228,0.8010044369822992,1.2297872340425533,0.05,0.0,0.0108987485512224,0.0,12163754.666666666,0.0033806888888888,12161024.0,0.0033806888888888,12161024.0
t_145,frontend_browsing_replicas_1_users_5,frontend,browsing,1,5,0.0108987485512224,12169216.0,10.898748551222436,1216921.6,1.0,1.0,2.170652028979063,27.13078397209537,-0.0027357843019506,0.0108987485512224,1.0,0.5050901709909684,0.0,0,0,0.0,0,0,medium,1,0,145,0.6140326564191845,0.801784502369044,1.2313829787234043,0.05,0.0,0.0108987485512224,0.0,12166485.333333334,0.0033806888888888,12169216.0,0.0033806888888888,12161024.0
t_146,frontend_browsing_replicas_1_users_5,frontend,browsing,1,5,0.0108987485512224,12169216.0,10.898748551222436,1216921.6,1.0,1.0,2.170652028979063,27.13078397209537,-0.0027357843019506,0.0108987485512224,1.0,0.5050901709909684,0.0,0,0,0.0,0,0,medium,1,0,146,0.6046969041592865,0.8027859492019943,1.2329787234042553,0.05,0.0,0.0108987485512224,0.0,12169216.0,0.0033806888888888,12169216.0,0.0033806888888888,12169216.0
t_147,frontend_browsing_replicas_1_users_5,frontend,browsing,1,5,0.0108987485512224,12230656.0,10.898748551222436,1223065.6,1.0,1.0,2.170652028979063,27.13078397209537,-0.0027357843019506,0.0108987485512224,1.0,0.5050901709909684,0.0,0,0,0.0,0,0,medium,1,0,147,0.5952442188021628,0.8040076589926827,1.2345744680851063,0.05,0.0,0.0108987485512224,0.0,12189696.0,0.0033806888888888,12169216.0,0.0033806888888888,12169216.0
t_148,frontend_browsing_replicas_1_users_5,frontend,browsing,1,5,0.0108987485512224,12292096.0,10.898748551222436,1229209.6,1.0,1.0,2.170652028979063,27.13078397209537,-0.0027357843019506,0.0108987485512224,1.0,0.5050901709909684,0.0,0,0,0.0,0,0,medium,1,0,148,0.5856851577925138,0.8054482672469926,1.2361702127659575,0.05,0.0,0.0108987485512224,0.0,12230656.0,0.0033806888888888,12230656.0,0.0033806888888888,12169216.0
t_149,frontend_browsing_replicas_1_users_5,frontend,browsing,1,5,0.0108987485512224,12292096.0,10.898748551222436,1229209.6,1.0,1.0,2.170652028979063,27.13078397209537,-0.0027357843019506,0.0108987485512224,1.0,0.5050901709909684,0.0,0,0,0.0,0,0,medium,1,0,149,0.5760303973830847,0.8071061649891247,1.2377659574468085,0.05,0.0,0.0108987485512224,0.0,12271616.0,0.0033806888888888,12292096.0,0.0033806888888888,12230656.0
t_150,frontend_browsing_replicas_1_users_5,frontend,browsing,1,5,0.0108987485512224,12292096.0,10.898748551222436,1229209.6,1.0,1.0,2.170652028979063,27.13078397209537,-0.0027357843019506,0.0108987485512224,1.0,0.5050901709909684,0.0,0,0,0.0,0,0,medium,1,0,150,0.5662907207106519,0.8089795005586174,1.2393617021276595,0.05,0.0,0.0108987485512224,0.0,12292096.0,0.0033806888888888,12292096.0,0.0033806888888888,12292096.0
t_151,frontend_browsing_replicas_1_users_5,frontend,browsing,1,5,0.0108987485512224,12292096.0,10.898748551222436,1229209.6,1.0,1.0,2.170652028979063,27.13078397209537,-0.0027357843019506,0.0108987485512224,1.0,0.5050901709909684,0.0,0,0,0.0,0,0,medium,1,0,151,0.5564770057526341,0.8110661816784163,1.2409574468085107,0.05,0.0,0.0108987485512224,0.0,12292096.0,0.0033806888888888,12292096.0,0.0033806888888888,12292096.0
t_152,frontend_browsing_replicas_1_users_5,frontend,browsing,1,5,0.0108987485512224,12292096.0,10.898748551222436,1229209.6,1.0,1.0,2.170652028979063,27.13078397209537,-0.0027357843019506,0.0108987485512224,1.0,0.5050901709909684,0.0,0,0,0.0,0,0,medium,1,0,152,0.5466002131777788,0.8133638777916794,1.2425531914893617,0.05,0.0,0.0108987485512224,0.0,12292096.0,0.0033806888888888,12292096.0,0.0033806888888888,12292096.0
t_153,frontend_browsing_replicas_1_users_5,frontend,browsing,1,5,0.0108987485512224,12292096.0,10.898748551222436,1229209.6,1.0,1.0,2.170652028979063,27.13078397209537,-0.0027357843019506,0.0108987485512224,1.0,0.5050901709909684,0.0,0,0,0.0,0,0,medium,1,0,153,0.5366713741044904,0.8158700226647142,1.2441489361702127,0.05,0.0,0.0108987485512224,0.0,12292096.0,0.0033806888888888,12292096.0,0.0033806888888888,12292096.0
t_154,frontend_browsing_replicas_1_users_5,frontend,browsing,1,5,0.0108987485512224,12292096.0,10.898748551222436,1229209.6,1.0,1.0,2.170652028979063,27.13078397209537,-0.0027357843019506,0.0108987485512224,1.0,0.5050901709909684,0.0,0,0,0.0,0,0,medium,1,0,154,0.5267015777804793,0.8185818172531318,1.2457446808510637,0.05,0.0,0.0108987485512224,0.0,12292096.0,0.0033806888888888,12292096.0,0.0033806888888888,12292096.0
t_155,frontend_browsing_replicas_1_users_5,frontend,browsing,1,5,0.0108987485512224,12292096.0,10.898748551222436,1229209.6,1.0,1.0,2.170652028979063,27.13078397209537,-0.0027357843019506,0.0108987485512224,1.0,0.5050901709909684,0.0,0,0,0.0,0,0,medium,1,0,155,0.5167019591974843,0.8214962328280238,1.247340425531915,0.05,0.0,0.0108987485512224,0.0,12292096.0,0.0033806888888888,12292096.0,0.0033806888888888,12292096.0
t_156,frontend_browsing_replicas_1_users_5,frontend,browsing,1,5,0.0108987485512224,12292096.0,10.898748551222436,1229209.6,1.0,1.0,2.170652028979063,27.13078397209537,-0.0027357843019506,0.0108987485512224,1.0,0.5050901709909684,0.0,0,0,0.0,0,0,medium,1,0,156,0.5066836866549062,0.8246100143586657,1.248936170212766,0.05,0.0,0.0108987485512224,0.0,12292096.0,0.0033806888888888,12292096.0,0.0033806888888888,12292096.0
t_157,frontend_browsing_replicas_1_users_5,frontend,browsing,1,5,0.0108987485512224,12292096.0,10.898748551222436,1229209.6,1.0,1.0,2.170652028979063,27.13078397209537,-0.0027357843019506,0.0108987485512224,1.0,0.5050901709909684,0.0,0,0,0.0,0,0,medium,1,0,157,0.4966579492862405,0.8279196841479721,1.250531914893617,0.05,0.0,0.0108987485512224,0.0,12292096.0,0.0033806888888888,12292096.0,0.0033806888888888,12292096.0
t_158,frontend_browsing_replicas_1_users_5,frontend,browsing,1,5,0.0108987485512224,16363520.0,10.898748551222436,1636352.0,1.0,1.0,2.170652028979063,27.13078397209537,-0.0027357843019506,0.0108987485512224,1.0,0.5050901709909684,0.0,0,0,0.0,0,0,medium,1,0,158,0.48663594456224235,0.8314215457166405,1.2521276595744681,0.05,0.0,0.0108987485512224,0.0,13649237.333333334,0.0033806888888888,12292096.0,0.0033806888888888,12292096.0
t_159,frontend_browsing_replicas_1_users_5,frontend,browsing,1,5,0.0108987485512224,16510976.0,10.898748551222436,1651097.6,1.0,1.0,2.170652028979063,27.13078397209537,-0.0027357843019506,0.0108987485512224,1.0,0.5050901709909684,0.0,0,0,0.0,0,0,medium,1,0,159,0.47662886578477903,0.8351116879316479,1.2537234042553191,0.05,0.0,0.0108987485512224,0.0,15055530.666666666,0.0033806888888888,16363520.0,0.0033806888888888,12292096.0
t_160,frontend_browsing_replicas_1_users_5,frontend,browsing,1,5,0.0108987485512224,16412672.0,10.898748551222436,1641267.2000000002,1.0,1.0,2.170652028979063,27.13078397209537,-0.0027357843019506,0.0108987485512224,1.0,0.5050901709909684,0.0,0,0,0.0,0,0,medium,1,0,160,0.46664788958533726,0.8389859893744874,1.2553191489361701,0.05,0.0,0.0108987485512224,0.0,16429056.0,0.0033806888888888,16510976.0,0.0033806888888888,16363520.0
t_161,frontend_browsing_replicas_1_users_5,frontend,browsing,1,5,0.0108987485512224,16408576.0,10.898748551222436,1640857.6,1.0,1.0,2.170652028979063,27.13078397209537,-0.0027357843019506,0.0108987485512224,1.0,0.5050901709909684,0.0,0,0,0.0,0,0,medium,1,0,161,0.45670416344215203,0.8430401229442677,1.2569148936170214,0.05,0.0,0.0108987485512224,0.0,16444074.666666666,0.0033806888888888,16412672.0,0.0033806888888888,16510976.0
t_162,frontend_browsing_replicas_1_users_5,frontend,browsing,1,5,0.0108987485512224,16441344.0,10.898748551222436,1644134.4,1.0,1.0,2.170652028979063,27.13078397209537,-0.0027357843019506,0.0108987485512224,1.0,0.5050901709909684,0.0,0,0,0.0,0,0,medium,1,0,162,0.4468087932298926,0.8472695606905336,1.2585106382978724,0.05,0.0,0.0108987485512224,0.0,16420864.0,0.0033806888888888,16408576.0,0.0033806888888888,16412672.0
t_163,frontend_browsing_replicas_1_users_5,frontend,browsing,1,5,0.0108987485512224,16748544.0,10.898748551222436,1674854.4,1.0,1.0,2.170652028979063,27.13078397209537,-0.0027357843019506,0.0108987485512224,1.0,0.5050901709909684,0.0,0,0,0.0,0,0,medium,1,0,163,0.4369728308158168,0.8516695788704084,1.2601063829787233,0.05,0.0,0.0108987485512224,0.0,16532821.333333334,0.0033806888888888,16441344.0,0.0033806888888888,16408576.0
t_164,frontend_browsing_replicas_1_users_5,frontend,browsing,1,5,0.0108987485512224,17969152.0,10.898748551222436,1796915.2000000002,1.0,1.0,2.170652028979063,27.13078397209537,-0.0027357843019506,0.0108987485512224,1.0,0.5050901709909684,0.0,0,0,0.0,0,0,medium,1,0,164,0.4272072617162445,0.856235263224414,1.2617021276595746,0.05,0.0,0.0108987485512224,0.0,17053013.333333332,0.0033806888888888,16748544.0,0.0033806888888888,16441344.0
t_165,frontend_browsing_replicas_1_users_5,frontend,browsing,1,5,0.0108987485512224,18694144.0,10.898748551222436,1869414.4,1.0,1.0,2.170652028979063,27.13078397209537,-0.0027357843019506,0.0108987485512224,1.0,0.5050901709909684,0.0,0,0,0.0,0,0,medium,1,0,165,0.41752299282713606,0.8609615144650714,1.2632978723404256,0.05,0.0,0.0108987485512224,0.0,17803946.666666668,0.0033806888888888,17969152.0,0.0033806888888888,16748544.0
t_166,frontend_browsing_replicas_1_users_5,frontend,browsing,1,5,0.0108987485512224,18862080.0,10.898748551222436,1886208.0,1.0,1.0,2.170652028979063,27.13078397209537,-0.0027357843019506,0.0108987485512224,1.0,0.5050901709909684,0.0,0,0,0.0,0,0,medium,1,0,166,0.407930840242478,0.8658430539721553,1.2648936170212766,0.05,0.0,0.0108987485512224,0.0,18508458.666666668,0.0033806888888888,18694144.0,0.0033806888888888,17969152.0
t_167,frontend_browsing_replicas_1_users_5,frontend,browsing,1,5,0.0108987485512224,18722816.0,10.898748551222436,1872281.6,1.0,1.0,2.170652028979063,27.13078397209537,-0.0027357843019506,0.0108987485512224,1.0,0.5050901709909684,0.0,0,0,0.0,0,0,medium,1,0,167,0.39844151717408727,0.8708744296882395,1.2664893617021278,0.05,0.0,0.0108987485512224,0.0,18759680.0,0.0033806888888888,18862080.0,0.0033806888888888,18694144.0
t_168,frontend_browsing_replicas_1_users_5,frontend,browsing,1,5,0.0108987485512224,19214336.0,10.898748551222436,1921433.6,1.0,1.0,2.170652028979063,27.13078397209537,-0.0027357843019506,0.0108987485512224,1.0,0.5050901709909684,0.0,0,0,0.0,0,0,medium,1,0,168,0.38906562198631733,0.8760500222079509,1.2680851063829788,0.05,0.0,0.0108987485512224,0.0,18933077.333333332,0.0033806888888888,18722816.0,0.0033806888888888,18862080.0
t_169,frontend_browsing_replicas_1_users_5,frontend,browsing,1,5,0.0108987485512224,19156992.0,10.898748551222436,1915699.2,1.0,1.0,2.170652028979063,27.13078397209537,-0.0027357843019506,0.0108987485512224,1.0,0.5050901709909684,0.0,0,0,0.0,0,0,medium,1,0,169,0.37981362635903626,0.881364051054129,1.2696808510638298,0.05,0.0,0.0108987485512224,0.0,19031381.333333332,0.0033806888888888,19214336.0,0.0033806888888888,18722816.0
t_170,frontend_browsing_replicas_1_users_5,frontend,browsing,1,5,0.0108987485512224,19124224.0,10.898748551222436,1912422.4,1.0,1.0,2.170652028979063,27.13078397209537,-0.0027357843019506,0.0108987485512224,1.0,0.5050901709909684,0.0,0,0,0.0,0,0,medium,1,0,170,0.37069586359209555,0.8868105811338809,1.2712765957446808,0.05,0.0,0.0108987485512224,0.0,19165184.0,0.0033806888888888,19156992.0,0.0033806888888888,19214336.0
t_171,frontend_browsing_replicas_1_users_5,frontend,browsing,1,5,0.0108987485512224,19279872.0,10.898748551222436,1927987.2,1.0,1.0,2.170652028979063,27.13078397209537,-0.0027357843019506,0.0108987485512224,1.0,0.5050901709909684,0.0,0,0,0.0,0,0,medium,1,0,171,0.36172251706435177,0.8923835293673255,1.2728723404255318,0.05,0.0,0.0108987485512224,0.0,19187029.333333332,0.0033806888888888,19124224.0,0.0033806888888888,19156992.0
t_172,frontend_browsing_replicas_1_users_5,frontend,browsing,1,5,0.0108987485512224,19640320.0,10.898748551222436,1964032.0,1.0,1.0,2.170652028979063,27.13078397209537,-0.0027357843019506,0.0108987485512224,1.0,0.5050901709909684,0.0,0,0,0.0,0,0,medium,1,0,172,0.3529036088601283,0.8980766714816163,1.274468085106383,0.05,0.0,0.0108987485512224,0.0,19348138.666666668,0.0033806888888888,19279872.0,0.0033806888888888,19124224.0
t_173,frontend_browsing_replicas_1_users_5,frontend,browsing,1,5,0.0108987485512224,19169280.0,10.898748551222436,1916928.0,1.0,1.0,2.170652028979063,27.13078397209537,-0.0027357843019506,0.0108987485512224,1.0,0.5050901709909684,0.0,0,0,0.0,0,0,medium,1,0,173,0.34424898857582753,0.9038836489626632,1.276063829787234,0.05,0.0,0.0108987485512224,0.0,19363157.333333332,0.0033806888888888,19640320.0,0.0033806888888888,19279872.0
t_174,frontend_browsing_replicas_1_users_5,frontend,browsing,1,5,0.0108987485512224,19296256.0,10.898748551222436,1929625.6,1.0,1.0,2.170652028979063,27.13078397209537,-0.0027357843019506,0.0108987485512224,1.0,0.5050901709909684,0.0,0,0,0.0,0,0,medium,1,0,174,0.3357683223191842,0.9097979761567795,1.277659574468085,0.05,0.0,0.0108987485512224,0.0,19368618.666666668,0.0033806888888888,19169280.0,0.0033806888888888,19640320.0
t_175,frontend_browsing_replicas_1_users_5,frontend,browsing,1,5,0.0108987485512224,19361792.0,10.898748551222436,1936179.2,1.0,1.0,2.170652028979063,27.13078397209537,-0.0027357843019506,0.0108987485512224,1.0,0.5050901709909684,0.0,0,0,0.0,0,0,medium,1,0,175,0.3274710819134571,0.9158130475143328,1.2792553191489362,0.05,0.0,0.0108987485512224,0.0,19275776.0,0.0033806888888888,19296256.0,0.0033806888888888,19169280.0
t_176,frontend_browsing_replicas_1_users_5,frontend,browsing,1,5,0.0108987485512224,19320832.0,10.898748551222436,1932083.2,1.0,1.0,2.170652028979063,27.13078397209537,-0.0027357843019506,0.0108987485512224,1.0,0.5050901709909684,0.0,0,0,0.0,0,0,medium,1,0,176,0.3193665343186087,0.921922144967301,1.2808510638297872,0.05,0.0,0.0108987485512224,0.0,19326293.333333332,0.0033806888888888,19361792.0,0.0033806888888888,19296256.0
t_177,frontend_browsing_replicas_1_users_5,frontend,browsing,1,5,0.0108987485512224,19324928.0,10.898748551222436,1932492.8,1.0,1.0,2.170652028979063,27.13078397209537,-0.0027357843019506,0.0108987485512224,1.0,0.5050901709909684,0.0,0,0,0.0,0,0,medium,1,0,177,0.3114637312812929,0.9281184454324974,1.2824468085106382,0.05,0.0,0.0108987485512224,0.0,19335850.666666668,0.0033806888888888,19320832.0,0.0033806888888888,19361792.0
t_178,frontend_browsing_replicas_1_users_5,frontend,browsing,1,5,0.0108987485512224,19841024.0,10.898748551222436,1984102.4,1.0,1.0,2.170652028979063,27.13078397209537,-0.0027357843019506,0.0108987485512224,1.0,0.5050901709909684,0.0,0,0,0.0,0,0,medium,1,0,178,0.3037714992252073,0.934395028432086,1.2840425531914894,0.05,0.0,0.0108987485512224,0.0,19495594.666666668,0.0033806888888888,19324928.0,0.0033806888888888,19320832.0
t_179,frontend_browsing_replicas_1_users_5,frontend,browsing,1,5,0.0108987485512224,19939328.0,10.898748551222436,1993932.8,1.0,1.0,2.170652028979063,27.13078397209537,-0.0027357843019506,0.0108987485512224,1.0,0.5050901709909684,0.0,0,0,0.0,0,0,medium,1,0,179,0.29629842939310247,0.9407448838228731,1.2856382978723404,0.05,0.0,0.0108987485512224,0.0,19701760.0,0.0033806888888888,19841024.0,0.0033806888888888,19324928.0
t_180,frontend_browsing_replicas_1_users_5,frontend,browsing,1,5,0.0108987485512224,19632128.0,10.898748551222436,1963212.8,1.0,1.0,2.170652028979063,27.13078397209537,-0.0027357843019506,0.0108987485512224,1.0,0.5050901709909684,0.0,0,0,0.0,0,0,medium,1,0,180,0.2890528682514597,0.9471609196257429,1.2872340425531914,0.05,0.0,0.0108987485512224,0.0,19804160.0,0.0033806888888888,19939328.0,0.0033806888888888,19841024.0
t_181,frontend_browsing_replicas_1_users_5,frontend,browsing,1,5,0.0108987485512224,20037632.0,10.898748551222436,2003763.2,1.0,1.0,2.170652028979063,27.13078397209537,-0.0027357843019506,0.0108987485512224,1.0,0.5050901709909684,0.0,0,0,0.0,0,0,medium,1,0,181,0.2820429081685512,0.9536359699464942,1.2888297872340426,0.05,0.0,0.0108987485512224,0.0,19869696.0,0.0033806888888888,19632128.0,0.0033806888888888,19939328.0
t_182,frontend_browsing_replicas_1_users_5,frontend,browsing,1,5,0.0108987485512224,19542016.0,10.898748551222436,1954201.6,1.0,1.0,2.170652028979063,27.13078397209537,-0.0027357843019506,0.0108987485512224,1.0,0.5050901709909684,0.0,0,0,0.0,0,0,medium,1,0,182,0.2752763783762963,0.9601628029792326,1.2904255319148936,0.05,0.0,0.0108987485512224,0.0,19737258.666666668,0.0033806888888888,20037632.0,0.0033806888888888,19632128.0
t_183,frontend_browsing_replicas_1_users_5,frontend,browsing,1,5,0.0108987485512224,19542016.0,10.898748551222436,1954201.6,1.0,1.0,2.170652028979063,27.13078397209537,-0.0027357843019506,0.0108987485512224,1.0,0.5050901709909684,0.0,0,0,0.0,0,0,medium,1,0,183,0.2687608362260079,0.966734129083374,1.2920212765957446,0.05,0.0,0.0108987485512224,0.0,19707221.333333332,0.0033806888888888,19542016.0,0.0033806888888888,20037632.0
t_184,frontend_browsing_replicas_1_users_5,frontend,browsing,1,5,0.0108987485512224,19542016.0,10.898748551222436,1954201.6,1.0,1.0,2.170652028979063,27.13078397209537,-0.0027357843019506,0.0108987485512224,1.0,0.5050901709909684,0.0,0,0,0.0,0,0,medium,1,0,184,0.2625035587477936,0.973342608925244,1.2936170212765958,0.05,0.0,0.0108987485512224,0.0,19542016.0,0.0033806888888888,19542016.0,0.0033806888888888,19542016.0
t_185,frontend_browsing_replicas_1_users_5,frontend,browsing,1,5,0.0108987485512224,19542016.0,10.898748551222436,1954201.6,1.0,1.0,2.170652028979063,27.13078397209537,-0.0027357843019506,0.0108987485512224,1.0,0.5050901709909684,0.0,0,0,0.0,0,0,medium,1,0,185,0.2565115345230408,0.9799808616751803,1.2952127659574468,0.05,0.0,0.0108987485512224,0.0,19542016.0,0.0033806888888888,19542016.0,0.0033806888888888,19542016.0
t_186,frontend_browsing_replicas_1_users_5,frontend,browsing,1,5,0.0108987485512224,19542016.0,10.898748551222436,1954201.6,1.0,1.0,2.170652028979063,27.13078397209537,-0.0027357843019506,0.0108987485512224,1.0,0.5050901709909684,0.0,0,0,0.0,0,0,medium,1,0,186,0.2507914558790617,0.9866414732509757,1.2968085106382978,0.05,0.0,0.0108987485512224,0.0,19542016.0,0.0033806888888888,19542016.0,0.0033806888888888,19542016.0
t_187,frontend_browsing_replicas_1_users_5,frontend,browsing,1,5,0.0108987485512224,19542016.0,10.898748551222436,1954201.6,1.0,1.0,2.170652028979063,27.13078397209537,-0.0027357843019506,0.0108987485512224,1.0,0.5050901709909684,0.0,0,0,0.0,0,0,medium,1,0,187,0.24534971141461803,0.993317004598465,1.298404255319149,0.05,0.0,0.0108987485512224,0.0,19542016.0,0.0033806888888888,19542016.0,0.0033806888888888,19542016.0
t_188,frontend_browsing_replicas_1_users_5,frontend,browsing,1,5,0.0108987485512224,19542016.0,10.898748551222436,1954201.6,1.0,1.0,2.170652028979063,27.13078397209537,-0.0027357843019506,0.0108987485512224,1.0,0.5050901709909684,0.0,0,0,0.0,0,0,medium,1,0,188,0.24019237886466838,1.0,1.3,0.05,0.0,0.0108987485512224,0.0,19542016.0,0.0033806888888888,19542016.0,0.0033806888888888,19542016.0
